﻿"full_text","reply_count","retweet_count","favorite_count","url","created_at"
"You are Welcome at  #Oncologists2022 on May 09-10,2022 at #Florida , #USA 
Abstractlink:https://t.co/n4N1lH0fzB
@cancerNSW @SkinCancerOrg @MSKCancerCenter @CR_UK @ENYGO_official @ABB_AOS @cancer_hn @CancerTerms @BCSC @BreastCancerCCS @OvarianCancerOz @BCCare @BreastCancerH https://t.co/vDawFfpIoL","0","0","0","https://twitter.com/OncologyConfer4/status/1521831697855442944","2022-05-04T12:38:45.000Z"
"@cancer_hn The father of one of my very good friends is very ill.  Her father was diagnosed with blood cancer.  If you have any funds, help him

  A little help from you can save a life. Donate to this number- +919641093250","0","0","0","https://twitter.com/Moumita24011999/status/1525538138851987457","2022-05-14T18:06:50.000Z"
"@nany040783 @cancer_hn A lo Baywatch ella se cree Pamela https://t.co/XOdgknloTo","0","0","0","https://twitter.com/Gerardofantaci3/status/1526305606088503302","2022-05-16T20:56:28.000Z"
"@cancer_hn Todas!!!","0","0","0","https://twitter.com/jenniiquintero/status/1517488629538607105","2022-04-22T13:00:57.000Z"
"@cancer_hn What?","0","0","1","https://twitter.com/yunuem_9/status/1524794731837808642","2022-05-12T16:52:48.000Z"
"@cancer_hn Lunes?? 💔","0","0","0","https://twitter.com/AnillaLaArdilla/status/1514653674932346899","2022-04-14T17:15:51.000Z"
"@cancer_hn OKAY","0","0","0","https://twitter.com/daniperedaa/status/1526208349011943427","2022-05-16T14:30:00.000Z"
"@cancer_hn Falso 🤣","0","0","1","https://twitter.com/carlasiu_3/status/1515332140946370565","2022-04-16T14:11:50.000Z"
"@cancer_hn @horoscoponegro @AntoIglesias usted anoche 🤣","1","0","2","https://twitter.com/veronicavanessa/status/1524729155132309504","2022-05-12T12:32:13.000Z"
"You are Welcome at  #Oncologists2022 on May 09-10,2022 at #Florida , #USA 
Abstractlink:https://t.co/n4N1lH0fzB
@cancer_hn @CancerTerm @CRSTonline @CR_UK @macmillancance @BreastCancer @ENYGO_official
@SaarcOf @WAGO_org @WarOnCancerApp
#BreastCancerAwareness #Cancer #Oncologists https://t.co/nD74CC0dOq","0","1","2","https://twitter.com/OncologyConfer4/status/1523662205476311040","2022-05-09T13:52:32.000Z"
"@cancer_hn Todas!!!!!!","0","0","0","https://twitter.com/montseta2306/status/1517828022837157890","2022-04-23T11:29:35.000Z"
"@cancer_hn I really feel that.","0","0","2","https://twitter.com/Bren_meNa0/status/1515079694395514882","2022-04-15T21:28:42.000Z"
"@cancer_hn Tan real","0","0","0","https://twitter.com/Bren079285061/status/1525520444669018119","2022-05-14T16:56:31.000Z"
"@cancer_hn Todas!","0","0","0","https://twitter.com/Ramonapop2422/status/1517544764878602240","2022-04-22T16:44:01.000Z"
"@cancer_hn Literal","0","0","0","https://twitter.com/SajjaCathaleia/status/1512991574845792260","2022-04-10T03:11:16.000Z"
"@cancer_hn Falso 😅","0","0","0","https://twitter.com/Kay05071990/status/1514944326773661696","2022-04-15T12:30:48.000Z"
"@sssoffii1 @cancer_hn Comprobado","0","1","1","https://twitter.com/MoniicaMiguez/status/1520879192698765313","2022-05-01T21:33:50.000Z"
"@cancer_hn Me encanto 🥰","0","0","0","https://twitter.com/MalTrejo1/status/1517182486702280710","2022-04-21T16:44:27.000Z"
"@cancer_hn Chale, 🥲","0","0","0","https://twitter.com/_jessrdz0/status/1516432500943429639","2022-04-19T15:04:16.000Z"
"@cancer_hn Ovio","0","0","0","https://twitter.com/Lizeth63132902/status/1525550267424559104","2022-05-14T18:55:01.000Z"
"@cancer_hn Puff!!","0","0","0","https://twitter.com/monkgh825/status/1519997309945212929","2022-04-29T11:09:33.000Z"
"@cancer_hn Soy re..","0","0","2","https://twitter.com/Veronicamar_89/status/1519997097478606849","2022-04-29T11:08:42.000Z"
"@cancer_hn I tan i tan TONTAAAAA","0","0","0","https://twitter.com/laiaiorri/status/1520403415809073153","2022-04-30T14:03:16.000Z"
"@Ferdela3 @cancer_hn Somos iguales 😌","0","0","1","https://twitter.com/fenixhuman/status/1521818001670037504","2022-05-04T11:44:20.000Z"
"@JuarezCristi @cancer_hn Sorry not sorry 😇😅♋️","0","0","0","https://twitter.com/nachoserrano96/status/1524687467575750656","2022-05-12T09:46:34.000Z"
"@cancer_hn Todas son posibles 😉","0","0","0","https://twitter.com/GalanteElodie/status/1517532003498930178","2022-04-22T15:53:18.000Z"
"@cancer_hn No lo se rick, me parece falso... 🤔","0","0","1","https://twitter.com/ClotizB/status/1514279041909547017","2022-04-13T16:27:12.000Z"
"@cancer_hn true..","0","0","1","https://twitter.com/XMrhiragasaitoX/status/1517504777239810048","2022-04-22T14:05:07.000Z"
"@cancer_hn Ooookey!😎","0","0","1","https://twitter.com/oliveriolaura/status/1523665465641345024","2022-05-09T14:05:30.000Z"
"@cancer_hn Ohhhhh yessss","0","0","0","https://twitter.com/AccionCre/status/1518229425896132608","2022-04-24T14:04:37.000Z"
"@cancer_hn True","0","0","0","https://twitter.com/MichelleNandii/status/1520498293050068994","2022-04-30T20:20:17.000Z"
"@cancer_hn Todas verdad 😇","0","0","0","https://twitter.com/Maria_13213/status/1517486077719814144","2022-04-22T12:50:49.000Z"
"@patrixiaortega @cancer_hn Obviooooooooo","0","0","0","https://twitter.com/martinfr81/status/1517719352560205824","2022-04-23T04:17:46.000Z"
"@cancer_hn Please,l'm not agree,with that words.because,who never forgive,never will be forgived.from the low,of god.","0","0","0","https://twitter.com/UrbanoEchavar10/status/1516218943576412169","2022-04-19T00:55:40.000Z"
"@cancer_hn Ohhh interesante","0","0","0","https://twitter.com/SaraAmarilla8/status/1509737163700809739","2022-04-01T03:39:24.000Z"
"@cancer_hn Somos🤣🤣🤣","0","0","0","https://twitter.com/songcovey_/status/1514220415069085696","2022-04-13T12:34:14.000Z"
"@cancer_hn Qkqkqkqkqkqkq no fallamos una","0","0","1","https://twitter.com/boletakid/status/1517850750302531588","2022-04-23T12:59:53.000Z"
"@cancer_hn nope.","0","0","1","https://twitter.com/ElpulpoGris/status/1513173204751331328","2022-04-10T15:13:00.000Z"
"@cancer_hn Respecto, gg","0","0","0","https://twitter.com/NicoNogueiraok/status/1517188100929163272","2022-04-21T17:06:45.000Z"
"@cancer_hn Literal","0","0","0","https://twitter.com/Esthela33631144/status/1524518117799391233","2022-05-11T22:33:38.000Z"
"Para los nativos de Cáncer, la felicidad reside en los pequeños detalles que te da la vida. Les encanta sentirse queridos por su pareja y protegidos por la familia. Si hay algo de gran valor para ellos es, precisamente, estar en su hogar con los suyos...
https://t.co/8gncdSynLW","0","16","101","https://twitter.com/cancer_hn/status/1526926895799050245","2022-05-18T14:05:15.000Z"
"✨♋✨ #cancer #horoscoponegro https://t.co/1NPSyOwfJQ","4","116","1030","https://twitter.com/cancer_hn/status/1523256709984268288","2022-05-08T11:01:15.000Z"
"Los dones naturales de #Cancer ✨🔮✨ #horoscoponegro https://t.co/tkmLc8H1Mo","9","235","1307","https://twitter.com/cancer_hn/status/1526563687707856896","2022-05-17T14:01:59.000Z"
"✨♋✨ #cancer #horoscoponegro https://t.co/JRMjFepdBZ","2","121","746","https://twitter.com/cancer_hn/status/1526887135671898118","2022-05-18T11:27:15.000Z"
"@cancer_hn Excuse me? 🤣","0","0","0","https://twitter.com/Tifanies/status/1511562938934571009","2022-04-06T04:34:22.000Z"
"@cancer_hn Yeah!! 😎👏","0","0","0","https://twitter.com/Ediblank/status/1518973658974236672","2022-04-26T15:21:56.000Z"
"♋🖤 https://t.co/K69n9kMkha","6","299","2263","https://twitter.com/cancer_hn/status/1523279103570362368","2022-05-08T12:30:14.000Z"
"Sí somos 🤣 https://t.co/MY6ELXLP1D","9","105","998","https://twitter.com/cancer_hn/status/1526902996889657345","2022-05-18T12:30:17.000Z"
"Cosas obligatorias que #Cancer busca en su pareja ✨🔮✨ #horoscoponegro https://t.co/tANGEK7qxi","3","97","529","https://twitter.com/cancer_hn/status/1526926006996684802","2022-05-18T14:01:43.000Z"
"@sunchildwitch @cancer_hn real","0","0","0","https://twitter.com/dvniela99/status/1515356643696934916","2022-04-16T15:49:12.000Z"
"@cancer_hn Falso!!!","0","0","1","https://twitter.com/PalaciosEps/status/1514794796384075783","2022-04-15T02:36:37.000Z"
"Algo imperdonable 🤣 #cancer #horoscoponegro https://t.co/30GwsLC1DR","7","317","2478","https://twitter.com/cancer_hn/status/1522916716929503234","2022-05-07T12:30:14.000Z"
"✨♋✨ #cancer #horoscoponegro https://t.co/nrRx339Vjn","15","533","3602","https://twitter.com/cancer_hn/status/1526155937198886914","2022-05-16T11:01:44.000Z"
"✨♋✨ #cancer #horoscoponegro https://t.co/dCTQMVUv60","6","291","1964","https://twitter.com/cancer_hn/status/1523619595734728704","2022-05-09T11:03:13.000Z"
"@cancer_hn Obvio","0","0","0","https://twitter.com/FranquiBIT/status/1519689844993179649","2022-04-28T14:47:48.000Z"
"✨♋✨ #cancer #horoscoponegro https://t.co/1s5q6W91DL","17","340","2260","https://twitter.com/cancer_hn/status/1522169554390204416","2022-05-05T11:01:16.000Z"
"2. Cáncer
Cáncer ocupa el segundo puesto de esta clasificación. Son amantes de la familia y de los suyos y, si alguien se mete con ellos, ya puede ir con cuidado: no tienen límites a la hora de pasar cuentas.
https://t.co/vSNSOsFgkH","2","14","90","https://twitter.com/cancer_hn/status/1526963930232508420","2022-05-18T16:32:25.000Z"
"✨♋✨ #cancer #horoscoponegro https://t.co/rMZSqgWbnc","11","176","1608","https://twitter.com/cancer_hn/status/1522531945095307264","2022-05-06T11:01:17.000Z"
"Cáncer es un signo que se caracteriza por ser muy de su casa y de los suyos. Suelen ser personas a las que no les interesa tener un gran círculo de amigos, sino solo aquellos que aportan positividad en sus vidas. 
https://t.co/9JnWJ1JHoo","0","21","107","https://twitter.com/cancer_hn/status/1526977476261445633","2022-05-18T17:26:14.000Z"
"✨♋✨ #cancer #horoscoponegro https://t.co/Rq0Tn0xr4p","5","159","1311","https://twitter.com/cancer_hn/status/1522894325931294722","2022-05-07T11:01:15.000Z"
"#Cáncer no olvida, a veces, ni perdona, pero sonríe, aunque le esté quemando todo por dentro. Aunque se note que le quema. Pero no te dara el gusto.","20","697","2651","https://twitter.com/cancer_hn/status/1526288685309763586","2022-05-16T19:49:14.000Z"
"#Cáncer en la Met Gala ✨♋️ https://t.co/KRIr0zNiBW","5","39","542","https://twitter.com/cancer_hn/status/1522546572957040640","2022-05-06T11:59:25.000Z"
"Como buen Cáncer, te gusta estar en casa y en familia. Los momentos con ellos son de los mejores para ti y te encanta disfrutarlos al máximo. Sin embargo, los que más te gustan más marcan tu vida son aquellos en los que puedes estar contigo mismo en casa. 
https://t.co/FxKS2ZMX7g","0","13","106","https://twitter.com/cancer_hn/status/1526893422807760896","2022-05-18T11:52:14.000Z"
"¡Hasta luego! 🤣 #cancer #horoscoponegro https://t.co/rnq6GNi2ST","16","579","3392","https://twitter.com/cancer_hn/status/1525453439530156033","2022-05-14T12:30:16.000Z"
"No es raro que #cáncer sea la primera persona a la que cualquiera llama cuando se encuentra mal. Empatiza tanto que todos le adoran.","3","183","1502","https://twitter.com/cancer_hn/status/1523389571668627463","2022-05-08T19:49:11.000Z"
"Características del amor de la vida de #cancer ✨🔮✨ #horoscoponegro https://t.co/SUcqHEG8rb","10","110","931","https://twitter.com/cancer_hn/status/1522214912222633988","2022-05-05T14:01:31.000Z"
"✨♋✨ #cancer #horoscoponegro https://t.co/yXGamF05k2","5","80","783","https://twitter.com/cancer_hn/status/1525073438137884672","2022-05-13T11:20:16.000Z"
"✨♋✨ #cancer #horoscoponegro https://t.co/gFUriTSe0l","6","157","1283","https://twitter.com/cancer_hn/status/1525793435415982086","2022-05-15T11:01:17.000Z"
"Los tres tipos de personas que debes evitar ✨🔮✨ #cancer #horoscoponegro https://t.co/EMbwOM6ULs","4","134","937","https://twitter.com/cancer_hn/status/1522577321110220804","2022-05-06T14:01:36.000Z"
"#Cancer en las buenas vs. en las malas ✨🔮✨ #horoscoponegro https://t.co/ySBKvU3uOX","11","218","1164","https://twitter.com/cancer_hn/status/1523302014507225089","2022-05-08T14:01:16.000Z"
"✨♋✨ #cancer #horoscoponegro https://t.co/ZC4EhnEYew","3","125","935","https://twitter.com/cancer_hn/status/1525431049177669632","2022-05-14T11:01:17.000Z"
"Los Géminis son personas muy abiertas a las que les encanta hablar con los demás y tener una vida social muy activa. Los Cáncer, por su lado, son personas que aman la soledad y la tranquilidad: les gusta tener conversaciones con los suyos...
https://t.co/nKJb6leBTm","0","13","71","https://twitter.com/cancer_hn/status/1526943000496160769","2022-05-18T15:09:15.000Z"
"El estado de ánimo de #Cáncer puede variar muchísimo en un solo día. Puede despertarse con el pie izquierdo, a medio día saber que su vida es la vida que quería vivir, por la tarde tener dudas de todo y acostarse sabiendo que puede lograr lo que se proponga.","12","429","1824","https://twitter.com/cancer_hn/status/1522664799691317252","2022-05-06T19:49:12.000Z"
"Lo que hacer VS lo que no hacer durante Mercurio retrógrado ✨🔮✨ #cancer #horoscoponegro https://t.co/XPiZBLov5a","6","116","791","https://twitter.com/cancer_hn/status/1523664500217589760","2022-05-09T14:01:39.000Z"
"✨ Síguenos también en nuestra cuenta de Twitter ➡️ @horoscoponegro https://t.co/0CGhiEHmsf","5","207","948","https://twitter.com/cancer_hn/status/1522191948429381632","2022-05-05T12:30:16.000Z"
"¿Por qué #cancer ha perdido el interés en ti? ✨🔮✨ #horoscoponegro https://t.co/I45psWT6YY","2","120","914","https://twitter.com/cancer_hn/status/1522939629376266241","2022-05-07T14:01:17.000Z"
"✨♋✨ #cancer #horoscoponegro https://t.co/zX9Cwk5wt5","4","134","1012","https://twitter.com/cancer_hn/status/1526518348229619712","2022-05-17T11:01:50.000Z"
"Así es el verdadero corazón de #Cáncer ♋️ https://t.co/5PyO2GT8fe","24","728","3742","https://twitter.com/cancer_hn/status/1525090806217981952","2022-05-13T12:29:17.000Z"
"Cáncer: por norma general eres desconfiado pero de repente, notas que la otra persona te transmite una vibra genial, que tiene luz, y ahí, le cuentas toda tu vida. Y casi mejores amigos. Quien lo diría.","6","229","1683","https://twitter.com/cancer_hn/status/1523751963179032577","2022-05-09T19:49:12.000Z"
"¿Qué pasa cuando le haces ghosting a #Cancer? ✨🔮✨ #horoscoponegro https://t.co/6AZJDgtFFq","5","127","776","https://twitter.com/cancer_hn/status/1521852519420465152","2022-05-04T14:01:29.000Z"
"Sí, hay responsabilidades que están ahí y que tienes que cumplir. Y quizás algunas de ellas no te dejen pasártelo bien al 100%. El consejo es que desconectes Cáncer, si estás con algo, disfruta de ese algo a muerte. 
https://t.co/ptrltDeXEi","0","25","116","https://twitter.com/cancer_hn/status/1525054304155054081","2022-05-13T10:04:14.000Z"
"Para #Cáncer, lo contrario al amor no es el odio, lo contrario es la indiferencia así que, si empieza a actuar así contigo es que el final está muy cerca.","20","666","2947","https://twitter.com/cancer_hn/status/1524794381349359627","2022-05-12T16:51:24.000Z"
"Cuando a #Cáncer le das a elegir entre una noticia buena y otra mala, siempre preferirá escuchar la mala primero. Porque quiere quedarse con buen sabor de boca.","4","115","888","https://twitter.com/cancer_hn/status/1522982431220977664","2022-05-07T16:51:21.000Z"
"El mood habitual de #Cáncer ♋️ https://t.co/OCZeHp0dEn","14","588","3139","https://twitter.com/cancer_hn/status/1524132520522137603","2022-05-10T21:01:24.000Z"
"OMG 🤣 https://t.co/kQEwRK0eTF","17","107","1040","https://twitter.com/cancer_hn/status/1524366283919310853","2022-05-11T12:30:18.000Z"
"La tarta de #Cáncer 🎂🍰 https://t.co/1QF6Jpkikl","3","166","1655","https://twitter.com/cancer_hn/status/1523966708112932865","2022-05-10T10:02:31.000Z"
"#Cancer en emojis ✨🔮✨ #horoscoponegro https://t.co/4WCYCnIiNf","12","398","2180","https://twitter.com/cancer_hn/status/1526201210864295939","2022-05-16T14:01:38.000Z"
"Tu sensibilidad no está en duda, Cáncer, eres de las que no esconden las lágrimas, pero eso no quiere decir que vas a permitir que te traten con la punta del pie. Eres muy inteligente y también tienes bien desarrollada tu intuición...
https://t.co/zVHOKFy53d","0","15","108","https://twitter.com/cancer_hn/status/1526550685759721472","2022-05-17T13:10:20.000Z"
"Si #Cáncer tiene un problema, es incapaz de mirar hacia otro lado, no puede apartarlo, no puede hacer como si nada. El problema está ahí y sigue ahí, y aparecerá en cada situación de su vida, por muy distinta que sea.","7","171","1100","https://twitter.com/cancer_hn/status/1522257657285038080","2022-05-05T16:51:22.000Z"
"#Cancer y su peor influencia 🤣 #horoscoponegro https://t.co/puGkNCkarc","14","483","2436","https://twitter.com/cancer_hn/status/1526540627818827778","2022-05-17T12:30:22.000Z"
"¡Qué os den! 🤣 #cancer #horoscoponegro https://t.co/gK0WoLZOpv","13","1126","4027","https://twitter.com/cancer_hn/status/1524003885320478720","2022-05-10T12:30:15.000Z"
"Quizás #Cáncer comience a sentir por alguien mucho antes que cualquiera, pero también es muy posible que no sea capaz de lanzarse hasta que no vea una señal por la otra parte.","8","135","1060","https://twitter.com/cancer_hn/status/1521940023796539392","2022-05-04T19:49:12.000Z"
"El mejor amigo que necesitas a tu lado, #Cancer ✨🔮✨ #horoscoponegro https://t.co/ovGbbjmGkT","1","116","703","https://twitter.com/cancer_hn/status/1525476384247783425","2022-05-14T14:01:26.000Z"
"A los nativos del signo de Cáncer les cuesta poco ponerse de mal humor cuando las cosas no les salen como ellos quieren. Cuando hay algo que les sale mal desde primera hora de la mañana, podemos estar seguros de que les va a afectar durante todo el día. 
https://t.co/u210tBj6kB","1","16","121","https://twitter.com/cancer_hn/status/1526602505760686080","2022-05-17T16:36:14.000Z"
"El lado más amable de #Cáncer es su dulzura y su amabilidad. El lado más cabrón su venganza.","17","403","2059","https://twitter.com/cancer_hn/status/1525519154031255556","2022-05-14T16:51:23.000Z"
"6 cosas que hacen enfadar a #Cancer ✨🔮✨ #horoscoponegro https://t.co/HnJIWjbZAH","12","256","1383","https://twitter.com/cancer_hn/status/1525114079907553280","2022-05-13T14:01:46.000Z"
"✨♋✨ #cancer #horoscoponegro https://t.co/nvW45SBFm0","16","150","1394","https://twitter.com/cancer_hn/status/1524706488849215489","2022-05-12T11:02:09.000Z"
"#Cáncer no quiere mentirte, pero sí que quizás evite contarte la verdad, esquivando conversaciones, yéndose por las ramas, no es que no desee decírtelo, pero Cáncer tiene sus momentos, y si no quiere hablar, no quiere.","2","169","1019","https://twitter.com/cancer_hn/status/1526606325215633409","2022-05-17T16:51:25.000Z"
"Eres un alma sencilla, dulce, apasionada, Cáncer. No estás dispuesto a querer un día sí y otro no. Es duro aceptar que hay veces que atraes a personas que no son buenas, lo único que buscan es saciarse de tu luz...
https://t.co/fDj9X4vEgm","1","30","186","https://twitter.com/cancer_hn/status/1526614334943764480","2022-05-17T17:23:15.000Z"
"✨♋✨ #cancer #horoscoponegro https://t.co/l8P6S3mnkY","0","148","1146","https://twitter.com/cancer_hn/status/1524348448971108352","2022-05-11T11:19:25.000Z"
"@cancer_hn El lado amable de Cáncer es su sensibilidad y compromiso con los suyos. Si hay un lado no tan amable de Cáncer, es guardar silencio cuando lo lastiman, porque pudiendo decir tantas cosas para defenderse, prefiere quedarse callado para no lastimar, como lo hicieron con él.","2","2","32","https://twitter.com/Miguel_Alduncin/status/1525524248235692032","2022-05-14T17:11:38.000Z"
"Tu olor es mágico, tienes la habilidad de hipnotizar, no necesitas hacer mucho para perfumar. La esencia que te podría definir es el aroma de la lavanda. Con ese toque romántico y tierno, que no se borra. 
https://t.co/BHICOXQg5l","0","17","178","https://twitter.com/cancer_hn/status/1526248675462242306","2022-05-16T17:10:15.000Z"
"✨ Síguenos también en nuestra cuenta de Twitter ➡️ @horoscoponegro https://t.co/hnYyzEoywK","11","87","756","https://twitter.com/cancer_hn/status/1524728672263053314","2022-05-12T12:30:18.000Z"
"5. CÁNCER
Aunque quieras, no puedes. Aunque te obligues, no lo consigues y no lo conseguirás. Cáncer, de tu mente no se puede borrar nada porque ella, es la que manada aquí. En ella, se graba todo, todito, todo, en serio...
https://t.co/YWEIHSHA06","0","24","144","https://twitter.com/cancer_hn/status/1525510808406466561","2022-05-14T16:18:14.000Z"
"Definitivamente, eres un torbellino emocional, lo mismo puedes andar con una actitud relajada que extremadamente intensa. Contigo los puntos grises no existen y a la gente le encanta porque te vuelves la sensación en las reuniones. 
https://t.co/qmRq7Ka9ny","0","21","155","https://twitter.com/cancer_hn/status/1526216715947982850","2022-05-16T15:03:15.000Z"
"Cáncer, no te preocupes si tienes un bloqueo creativo y no sabes por donde seguir tu camino. Este eclipse lunar de luna llena va a darte la energía que necesitas para volver a encontrar la motivación que necesitas para seguir creando cosas hermosas. 
https://t.co/OOuJ3eNBNo","0","20","163","https://twitter.com/cancer_hn/status/1525077211119747073","2022-05-13T11:35:16.000Z"
"@soidedahyun @cancer_hn","1","0","0","https://twitter.com/aienBv/status/1526724809404604418","2022-05-18T00:42:14.000Z"
"#Cancer de fiesta ✨🔮✨ #horoscoponegro https://t.co/VYKoUsQwiR","11","44","455","https://twitter.com/cancer_hn/status/1524751665403858944","2022-05-12T14:01:40.000Z"
"Lo que #Cancer nunca ha hecho ni hará ✨🔮✨ #horoscoponegro https://t.co/hmt5rQFWeP","5","58","540","https://twitter.com/cancer_hn/status/1525838733311938560","2022-05-15T14:01:17.000Z"
"@cancer_hn https://t.co/sgbKc8ZPw7","0","0","0","https://twitter.com/Keilang4/status/1526282090924449802","2022-05-16T19:23:02.000Z"
"Bajo las sábanas eres igual que en tu día a día, excepto por una cosa: bajo las sábanas quieres dominar. Cáncer, te gusta dictar el ritmo de ese momento tan mágico...
https://t.co/XnPXrban3q","0","19","154","https://twitter.com/cancer_hn/status/1525874704497664000","2022-05-15T16:24:13.000Z"
"Cancer ♋️ tiene un sexto sentido, reconoce cuando alguien es interesado y si quiere lo permite, sino lo desecha👌🏼😎

@cancer_hn","0","0","0","https://twitter.com/soydanielbadill/status/1525129385090723840","2022-05-13T15:02:35.000Z"
"No quieres que los demás te perciban como la persona sensible que pierde el control. Te has puesto tantas presiones que llega un punto en el que la melancolía te abruma sin pedirte permiso. Lo que quieres es evadir, fingir sonrisas y seguir avanzando. 
https://t.co/6jAuLK1FPW","1","25","126","https://twitter.com/cancer_hn/status/1526181228826828800","2022-05-16T12:42:14.000Z"
"Nuevo lunes, nueva vida, Cáncer. Por fin has recibido esa llamada, esa señal que tanto tiempo llevas esperando. En realidad, te da un poco de pereza tener que cambiar tu rutina entera y adaptarte a todo esto de nuevo.
https://t.co/jE9dS5eLrI","2","31","227","https://twitter.com/cancer_hn/status/1526124351455694848","2022-05-16T08:56:14.000Z"
"@cancer_hn @AladinMichel_10","1","0","2","https://twitter.com/JjDevia24/status/1526206982688055302","2022-05-16T14:24:34.000Z"
"@cancer_hn @Javierx2010","1","0","0","https://twitter.com/kviloriav/status/1524773716751695872","2022-05-12T15:29:17.000Z"
"4.- Cáncer 
A ti la transparencia se te nota en cada una de tus acciones. Dentro de ti hay una bondad inmensa, eres capaz de ponerte en el lugar de muchos y ayudarlos si es necesario. Sin embargo, esperas la misma sinceridad del otro. 
https://t.co/h7Lz4HAFFo","0","37","249","https://twitter.com/cancer_hn/status/1523745168318418945","2022-05-09T19:22:12.000Z"
"La confesión de #cancer ✨🔮✨ #horoscoponegro https://t.co/LuaZ8LvB3a","15","440","2318","https://twitter.com/cancer_hn/status/1524389314284732416","2022-05-11T14:01:48.000Z"
"Cuando está loco por ti, es más callado, analiza cada detalle, quiere comprobar que no está poniendo su corazón en los brazos incorrectos. Es la pareja que te hace sonreír por todo y nada. 
https://t.co/lWoi3K4M7R","1","21","190","https://twitter.com/cancer_hn/status/1526582381292961793","2022-05-17T15:16:16.000Z"
"A veces #Cáncer se queda con la palabra en la boca por miedo, y a veces también es peor tomar esa precaución que haberlo dicho.","6","188","1052","https://twitter.com/cancer_hn/status/1525201523059441666","2022-05-13T19:49:14.000Z"
"@floor015 @cancer_hn @EkeMaidana https://t.co/JYWpNq45Wo","0","0","2","https://twitter.com/luzzAAC/status/1526239684397088768","2022-05-16T16:34:31.000Z"
"@cancer_hn Tal cual jamás olvida y perdonar , pero para eso está Dios, q lo perdone Dios. 
Van a pasar muchos años e igual acordar todo con detalles y todo . 
Y obviamente a mal tiempo buena cara , sonreír igual , x dentro ya me la voy a cobrar jajaja","0","0","1","https://twitter.com/Veronic98506317/status/1526304103931838464","2022-05-16T20:50:30.000Z"
"11. CÁNCER
Si estabas esperando ver a Cáncer en lo más alto de este ranking estás muy equivocado. Es verdad que puede llegar a ser muy dañino cuando hacen su corazón añicos, pero tiene tanta bondad en su corazón...
https://t.co/g1e9dRMrXi","0","29","137","https://twitter.com/cancer_hn/status/1522295407191240705","2022-05-05T19:21:22.000Z"
"Eres un ser emocional, intenso y tienes un lado arrebatado, te gusta querer de verdad o mejor no quieres. Es por ello que necesitas a alguien que no juzgue tu sensibilidad, que se gane tu lado protector e incondicional. 
https://t.co/S4YucL0NdX","1","39","172","https://twitter.com/cancer_hn/status/1523648027927400449","2022-05-09T12:56:12.000Z"
"Si quieres que tu deseo se cumpla, de nada te va a servir que cruces los dedos y que pienses en ello todo el día. Tienes que manifestar lo que deseas en cada momento, nadie te va a leer la mente para adivinar qué es lo que te mereces. 
https://t.co/vgSvTHT3YO","1","20","157","https://twitter.com/cancer_hn/status/1524800134877532161","2022-05-12T17:14:16.000Z"
"Cáncer se aleja de ti incluso cuando le gustas porque se raya por creer que no es lo suficientemente bueno para ti. Tiene muchas inseguridades y eso le impide creer en él mismo y sacar todo el potencial que tiene.
https://t.co/S7vkC2C7vw","3","35","262","https://twitter.com/cancer_hn/status/1523260722934915072","2022-05-08T11:17:11.000Z"
"✨ Síguenos también en nuestra cuenta de Twitter ➡️ @horoscoponegro https://t.co/0JhpMIXCO1","1","118","725","https://twitter.com/cancer_hn/status/1526178220927770625","2022-05-16T12:30:17.000Z"
"@cancer_hn Os presento al tontuco del pueblo , lo toman por muy tonto y lo es , el Espíritu Santi les patina , se les escapa , no hay cadenas , se desintegra cada vez que lo quieren atrapar , no es no  ALELUYA . https://t.co/G48Tbn6Mg7","0","0","0","https://twitter.com/Antonio84029400/status/1526163267080568841","2022-05-16T11:30:52.000Z"
"La buena noticia es que tu vida amorosa va a ser espectacular en mayo. Es posible que tengas un acercamiento muy sensual con alguien importante para ti. Vas a tener muchas ganas de dar un gran paso junto a esa persona, y lo harás. 
https://t.co/lXXDlapbAR","3","24","183","https://twitter.com/cancer_hn/status/1522556588099358724","2022-05-06T12:39:12.000Z"
"Cáncer es un signo que muestra madurez a edades muy tempranas. Pese a que algunos puedan pensar que esta manera de ser les amarga la vida, lo cierto es que los Cáncer saben disfrutarla mucho.
https://t.co/mZO8GVN4vp","0","24","215","https://twitter.com/cancer_hn/status/1525108958788259841","2022-05-13T13:41:25.000Z"
"No veremos a un Cáncer cortar una relación muy a menudo y es que ellos son más de hablar de los problemas y encontrar soluciones comunes. Por ello, cuando sucede lo contrario, se lo toman muy mal. 
https://t.co/GllOpRXwTG","0","31","178","https://twitter.com/cancer_hn/status/1526646041642147840","2022-05-17T19:29:14.000Z"
"Cuando se trata de amar eres un signo que suelta los filtros, te gusta entregarte de una manera muy honesta, da igual si tus manías se hacen presentes y por supuesto que esperas lo mismo del otro. Sin embargo, no deberías salir con un Sagitario.
https://t.co/XxQVwFNmJD","1","16","106","https://twitter.com/cancer_hn/status/1526214952368984065","2022-05-16T14:56:15.000Z"
"@cancer_hn Cáncer nunca olvida, no importa cuánto tiempo haya pasado, recuerda todo, incluso los detalles. Cuando le cuesta más trabajo salir adelante es cuando le rompen el corazón y juegan con sus sentimientos, ahí no solo no olvida, tampoco perdona.","0","2","16","https://twitter.com/Miguel_Alduncin/status/1526290156805689344","2022-05-16T19:55:05.000Z"
"En tu mente, en tus sueños y en tus momentos de reflexión cuando estás trabajando, estudiando o haciendo cosas, hay alguien. Alguien se coló en tu mente y en tu corazón y no se quiere ir de ahí. No paras de pensar en esa persona...
https://t.co/rjKgMCGqnV","0","19","114","https://twitter.com/cancer_hn/status/1522230691790049280","2022-05-05T15:04:13.000Z"
"No se puede decir que seas el más descarado y es que, lo cierto es que te cuesta mucho soltarte la melena. Pero, debes saber que, hacerlo de tanto en tanto, te vendría muy bien. No dudes en tu potencial y ten en cuenta que la vida es para vivirla.
https://t.co/QAWWsDMiLw","0","14","101","https://twitter.com/cancer_hn/status/1524737259806863362","2022-05-12T13:04:25.000Z"
"@cancer_hn Asi de Basico y estoy diapuesto a dar mi vida para dedicRlaby hacerte feliz!","0","0","2","https://twitter.com/AtahyoVanegas/status/1526938364779241472","2022-05-18T14:50:49.000Z"
"@cancer_hn @HugoBriones2606 @YesSu2021","0","0","0","https://twitter.com/EdmondStar16/status/1525225354046193664","2022-05-13T21:23:56.000Z"
"Para los Cáncer no es problema ser cariñosos y detallistas, el problema es que solo suelen serlo cuando vienen fechas señaladas. Pero, sin mala intención. Normalmente, los Cáncer son muy atentos con las necesidades de su pareja y familia...
https://t.co/YcGaclRGDL","2","26","133","https://twitter.com/cancer_hn/status/1521875598880256007","2022-05-04T15:33:12.000Z"
"No le gusta la gente que no tiene las cosas claras porque sabe que le marean mucho. Es por eso por lo que tienes que ser transparente con tus intenciones si no quieres que Cáncer te haga ghosting. 
https://t.co/hiAeZ2IDmw","0","30","144","https://twitter.com/cancer_hn/status/1522588547496263681","2022-05-06T14:46:12.000Z"
"@cancer_hn Es cierto, cuando Cáncer deja de amar se empieza a alejar, pero el amor no se acaba de inmediato. Lo que más le preocupa no es que deje de amar, sino que dejen de amarlo, ahí sufre anticipadamente porque no quiere que lo dejen de querer ni que se vayan de su lado.","1","1","15","https://twitter.com/Miguel_Alduncin/status/1524798405427355660","2022-05-12T17:07:23.000Z"
"No encontrarás a #Cáncer que no haya tenido dramas en el amor. Pero además, DRAMONES. Es intensito, MUY INTENSITO.","23","149","1291","https://twitter.com/cancer_hn/status/1524476788042354689","2022-05-11T19:49:24.000Z"
"Habla, llama por teléfono a esa persona con la que sabes que tienes algo pendiente, algo que solucionar, y deja de malpensar o de hacer dramas innecesarios. En realidad puedes suponer cómo funciona la mente del resto...
https://t.co/FkGdQ2bK7H","0","19","115","https://twitter.com/cancer_hn/status/1522527185776619520","2022-05-06T10:42:22.000Z"
"@cancer_hn https://t.co/2DaTOY0lIn","0","0","1","https://twitter.com/ClamarCruzca/status/1525599139077279746","2022-05-14T22:09:13.000Z"
"Cáncer, tu mayor mentira es súper absurda, pero es una mentira. No te gusta mentir porque odias que lo hagan contigo, pero mientes en pequeños detalles para quedar bien con la gente. Amas piropear a los que te rodean...
https://t.co/VIs8jEk2fE","1","20","169","https://twitter.com/cancer_hn/status/1523293941990367233","2022-05-08T13:29:11.000Z"
"@cancer_hn Querer saciarse de la luz , es un espejismo , que luego te deja peor , darse por culo a si mismo , la luz los ciega  😫","0","0","0","https://twitter.com/Antonio84029400/status/1526620002538889217","2022-05-17T17:45:46.000Z"
"Cáncer, este mes de mayo deberías reflexionar sobre tus estándares. Pregúntate si permitirías que tus seres queridos aguantarán todo el sufrimiento que has aguantado tú por culpa de personas que no valen ni un centavo. 
https://t.co/lzQHI1emNx","0","18","132","https://twitter.com/cancer_hn/status/1522892803721900032","2022-05-07T10:55:13.000Z"
"@cancer_hn 😂😂😂😂","0","0","0","https://twitter.com/nalia9799/status/1526991389283831809","2022-05-18T18:21:31.000Z"
"@cancer_hn Exacto!, andale dime y hazme todo lo malo que quieras... Pero nunca olvidaré lo sucedido y tampoco te daré el gusto de verme vulnerable si es lo que quieres nunca podrás obtenerlo.","0","0","3","https://twitter.com/fossettshobi/status/1526291332477636610","2022-05-16T19:59:45.000Z"
"@cancer_hn https://t.co/1ZgofyjVCt","0","0","0","https://twitter.com/Dianavbowles/status/1526534687883239425","2022-05-17T12:06:45.000Z"
"@cancer_hn @horoscoponegro 😂😂😂😂😂😂y luego vuelven a olvidarme hasta su proximo problema","0","0","6","https://twitter.com/Nachia_m/status/1524733361402560512","2022-05-12T12:48:56.000Z"
"@cancer_hn SIEMPRE DESCANSANDO CÁNCER!!!!😂😂😂😂😂😂😂😂😂😅😅😅😅😅💥💥💥👊🎉🤣🤣🤣🤣🤣🤣🤣🤣🤣🤣🤣🤣🤣🤣🤣🤣🤣🤣 https://t.co/2vDkPPjP1D","0","0","1","https://twitter.com/LeoDIDOMNICO1/status/1525709983358169088","2022-05-15T05:29:41.000Z"
"#Cáncer podrá desmotivarse un día o dos, una semana quizás, pero después, todo vuelve a la normalidad. Para desmoronarse de nuevo más tarde. Y después, otra vez la normalidad de nuevo. Bienvenido a la vida del Cangrejo.","4","299","1686","https://twitter.com/cancer_hn/status/1524069598114496512","2022-05-10T16:51:22.000Z"
"Es real, eres un ser muy emocional, sensible, callado y apasionado. Cuando alguien traiciona tu confianza, no puedes evitar que las lágrimas se hagan presentes y lo agradeces, porque son capaces de limpiar toda esa suciedad. 
https://t.co/6dv17SUiFA","1","27","160","https://twitter.com/cancer_hn/status/1523712226875650054","2022-05-09T17:11:18.000Z"
"@cancer_hn Mi alma, no¡ claro que no! https://t.co/5b0cu66VFZ","0","0","0","https://twitter.com/joghbrice/status/1526938784734105600","2022-05-18T14:52:30.000Z"
"Tu sensibilidad no conoce límites, cuando el dolor se hace presente en tu vida lo vives sin ningún tipo de tapujo. Cáncer, tú sabes que los ratos amargos no son para siempre, pero eso no significa que no te atormenten. 
https://t.co/hYQxIGpEmW","2","20","127","https://twitter.com/cancer_hn/status/1523679989379575808","2022-05-09T15:03:12.000Z"
"@cancer_hn Ooohhh si.... Tal cual https://t.co/ASiLY5fMTe","0","0","0","https://twitter.com/3ld3smadr3/status/1526986221465096195","2022-05-18T18:00:59.000Z"
"Cáncer no es un signo infiel de por sí mismo, pero a veces permite que alguien se acerque más de la cuenta. Y, aquí es donde puede haber el problema. Lo que para él es un simple juego, para la otra persona puede no serlo. 
https://t.co/E66Tw8H85z","4","21","197","https://twitter.com/cancer_hn/status/1521907352773013504","2022-05-04T17:39:23.000Z"
"@cancer_hn TE IGNORO Y A OTRA COSA MARIPOSA!!!!! #HASTALAVISTABABY","0","0","1","https://twitter.com/LeoDIDOMNICO1/status/1524945415837143045","2022-05-13T02:51:33.000Z"
"Las personas que pueden resultar muy tóxicas para ellos son aquellas a las que les gusta estar siempre en movimiento y tener mucho por hacer: personas con un exceso de actividad en sus vidas y sin tiempo para las responsabilidades.
https://t.co/WKWIELL5dA","1","17","114","https://twitter.com/cancer_hn/status/1524769218863976455","2022-05-12T15:11:25.000Z"
"@cancer_hn @Lu_Murua18","0","0","1","https://twitter.com/jotadejuanam/status/1524763067669573632","2022-05-12T14:46:58.000Z"
"@cancer_hn Me lo temía , estos fachas creen que todo es regalao , por su jeta  😱","0","0","1","https://twitter.com/Antonio84029400/status/1525837335497265158","2022-05-15T13:55:44.000Z"
"@cancer_hn Sí yo les hablará igual que me dicen a mí... NO les haría ni P _ _ _ gracia.","0","1","0","https://twitter.com/AnnaMudoyAnderb/status/1525135257762152449","2022-05-13T15:25:55.000Z"
"@kviloriav @cancer_hn https://t.co/lSCeZzpcit","0","0","1","https://twitter.com/Javierx2010/status/1524779908232368128","2022-05-12T15:53:53.000Z"
"@cancer_hn 😂😂😂😂😂😂😂","0","0","0","https://twitter.com/lilianalopezla1/status/1526914768082243592","2022-05-18T13:17:04.000Z"
"Los nativos de Cáncer, sin embargo, no son para nada dominantes. Se dejan llevar por sus parejas y, lo cierto, es que disfrutan mucho de este tipo de relaciones. Lo malo viene cuando hay algo que no les gusta. 
https://t.co/oLIjP61ZP8","0","17","108","https://twitter.com/cancer_hn/status/1521938765119381505","2022-05-04T19:44:12.000Z"
"@cancer_hn ❤️🦀","0","0","2","https://twitter.com/JuandaL_ogout/status/1526203187291635712","2022-05-16T14:09:29.000Z"
"@cancer_hn Es una mierda ser cáncer, por nuestro corazón quieren hacer lo que quieran con uno.","0","0","1","https://twitter.com/Wen87000412/status/1525210945089417217","2022-05-13T20:26:41.000Z"
"@cancer_hn 😅 https://t.co/jhXiMN2i7Z","0","0","13","https://twitter.com/Barri_Lu/status/1517489745126903810","2022-04-22T13:05:23.000Z"
"Los Cáncer sois personas que os podéis estresar con facilidad cuando veis que las cosas no salen como las habíais previsto. Es cierto que os gusta dejar que las cosas fluyan y no forzar nada, pero también os molesta cuando vuestros planes no salen bien. 
https://t.co/GdApWQsaRl","0","21","141","https://twitter.com/cancer_hn/status/1522198730526576640","2022-05-05T12:57:13.000Z"
"Cuando estás solo en el amor, a veces parece que se te acaba el mundo. Entras en un bucle de drama máximo porque piensas que no vas a encontrar el amor en tu vida. De primeras no disfrutas nada de tu soledad porque no te gusta la idea de estar sin nadie.
https://t.co/p0jXU6MbvK","0","17","124","https://twitter.com/cancer_hn/status/1522635901393846274","2022-05-06T17:54:22.000Z"
"@cancer_hn Si somos 🥹 y a veces hablamos y no escuchan..","0","0","2","https://twitter.com/Barbaraalbertii/status/1525294174647508993","2022-05-14T01:57:24.000Z"
"Como nativo de Cáncer, tienes un temperamento un tanto variable y es que son muchas las emociones que hay en ti. Encontrar el amor no es fácil, pero lo es aún menos si tus pretendientes ven que tu carácter es muy cambiante.
https://t.co/ZWPK8Uwe2i","0","20","104","https://twitter.com/cancer_hn/status/1522263659283730432","2022-05-05T17:15:13.000Z"
"@EkeMaidana @cancer_hn https://t.co/pA0vMlUJ0q","0","0","0","https://twitter.com/floor015/status/1526273134449549316","2022-05-16T18:47:26.000Z"
"Hay que salir del caparazón, Cáncer, llevas mucho tiempo metido dentro de tu propia concha y sabes que eso está empezando a afectar más de lo que te gustaría. Todo este tiempo de atrás, te has aislado y estás viendo que eso está empezando a afectar...
https://t.co/9e11B9Ri1S","1","21","147","https://twitter.com/cancer_hn/status/1523587386772541446","2022-05-09T08:55:14.000Z"
"Mira Cáncer serías un poco más feliz si no tuvieras esas tendencias tan autodestructivas a veces. A todo el mundo le va en algún momento de su vida mal, y no pasa nada, la vida sigue...
https://t.co/QqiT6mWswh","2","12","170","https://twitter.com/cancer_hn/status/1525784110597275648","2022-05-15T10:24:14.000Z"
"@cancer_hn Mía ex todos signos de fuego,y aquí no pasa nada con ninguno,excepto aries,que es normal los aries son idiotolo con tanto ego 🤢","0","0","0","https://twitter.com/AMGiraldo93/status/1525012487858491392","2022-05-13T07:18:05.000Z"
"#cancer eres curiosa pero temeroza, brava pero sensible, voluble pero conservadora, ¡vamos! Queremos invitarte a explorar contigo, en ti, a sorprenderte y conocerte, te invitamos a hacerte feliz con tus propias manos, a seducirte. @cancer_hn https://t.co/yDUFuL1CYT","0","0","5","https://twitter.com/GinnethMendez/status/1518910189197537282","2022-04-26T11:09:43.000Z"
"No puedes seguir combatiendo ese estrés o esa ansiedad que tienes de la manera en la que lo haces. No te puedes encerrar en tu casa sin salir y esperar a que todo se arregle solo. No deberías alejarte o apartarte así como así...
https://t.co/VMJpWenozq","2","17","144","https://twitter.com/cancer_hn/status/1522894814513090560","2022-05-07T11:03:12.000Z"
"@cancer_hn @_erimme feliz un día!!!","0","0","0","https://twitter.com/CCathaysaa/status/1526914656605859841","2022-05-18T13:16:37.000Z"
"@cancer_hn Tonto, por llorar tanto, a solas 😔","0","0","1","https://twitter.com/G_Erald_Ine/status/1526407117309153280","2022-05-17T03:39:50.000Z"
"@cancer_hn ESTRATEGIA 100%","0","0","0","https://twitter.com/LeoDIDOMNICO1/status/1525269626778681346","2022-05-14T00:19:51.000Z"
"@cancer_hn Dios, me ha pasado así mismo. Que acertados son. Increíble.🙏🤗","0","0","1","https://twitter.com/CRISTHIANTOLED6/status/1524838502973722646","2022-05-12T19:46:43.000Z"
"@cancer_hn ♋♋🦀♋♋","0","0","2","https://twitter.com/juan_ingaramo/status/1526289966246002692","2022-05-16T19:54:19.000Z"
"@cancer_hn Bueno sensibles sí, pero un poco bordes también. Cómo escudo de autodefensa.","1","0","4","https://twitter.com/Miguel20791403/status/1526579626167894017","2022-05-17T15:05:20.000Z"
"@Clautlyn @cancer_hn A mí mientras me vuelvas a visitar pero con un kigurumi de leona no hace falta que te me disculpes","0","0","1","https://twitter.com/heathazedom/status/1524871389496463361","2022-05-12T21:57:24.000Z"
"@cancer_hn NO NOS ENAMORAMOS SOLAMENTE IDEALIZAMOS .🥶🥶🥶🥶🥶🥶🥶🥶😅😂😅😂😅😅👎👎👎👎👎","0","0","0","https://twitter.com/LeoDIDOMNICO1/status/1525274728813969410","2022-05-14T00:40:08.000Z"
"Debéis tomar decisiones relevantes una vez las hayáis consultado con alguien de confianza. Esta persona que tanto os conoce, os podrá dar su opinión y os dirá cómo lo ve para vosotros. No se trata, obviamente, de hacer lo que os digan los demás...
https://t.co/AjTBPfeJaG","0","10","96","https://twitter.com/cancer_hn/status/1521843891745562625","2022-05-04T13:27:12.000Z"
"@cancer_hn SALIR CON PERSONAS ABURRIDAS Y PASARLO COMO EL CULO .👎💥👊","0","0","0","https://twitter.com/LeoDIDOMNICO1/status/1525274255352647681","2022-05-14T00:38:15.000Z"
"@cancer_hn creo que ouedo aguantar de por vida 😅😭","0","0","2","https://twitter.com/daniperedaa/status/1525436729976623112","2022-05-14T11:23:52.000Z"
"@cancer_hn La vénganza es para los débiles rencorosos, eso no me representa 🤣🤣 el lado más cabron es nuestra honestidad.","0","0","0","https://twitter.com/ThaniaLopez_/status/1525524766035173379","2022-05-14T17:13:41.000Z"
"@cancer_hn Siempre me digo a mi misma! Que no te importe, se fría, hacete ruda etc!!","0","0","1","https://twitter.com/marinita_levita/status/1526573229619281921","2022-05-17T14:39:54.000Z"
"@cancer_hn Somos fuertes damos todo x los hijos eyos son todo para las cancerianas","0","0","0","https://twitter.com/TeresaIsabelDu1/status/1524822203681976322","2022-05-12T18:41:57.000Z"
"@JEmpanadita @cancer_hn Facilidad no, así no somos","0","0","7","https://twitter.com/zCLina/status/1525113589308305408","2022-05-13T13:59:49.000Z"
"@cancer_hn @stefii_macia vaaamos que ya estamos, vamoos vamoos","1","0","0","https://twitter.com/AgustiinSieben/status/1524806983332904961","2022-05-12T17:41:29.000Z"
"@cancer_hn 🤭🤭🤭🤭🤭🤭🤭🤭🤭🤭","0","0","0","https://twitter.com/PrimeroGuaro/status/1526931716493004801","2022-05-18T14:24:24.000Z"
"Los Cáncer han nacido para amar y para ser amados. Cuando ven que una relación no acaba de funcionar, ponen todo su empeño en ello. Incluso, pueden llegar a hacer auténticas locuras para que la relación siga adelante...
https://t.co/Pzhfh8dA2V","0","23","166","https://twitter.com/cancer_hn/status/1524397236133797888","2022-05-11T14:33:17.000Z"
"@cancer_hn ¿El anillo y la fiesta para cuando? Falsa boda jajaja @EkeMaidana","2","0","3","https://twitter.com/floor015/status/1526236018088849408","2022-05-16T16:19:57.000Z"
"@cancer_hn @horoscoponegro Lo que somos es gilipollas, perdone.","0","0","1","https://twitter.com/papparola/status/1524800013125271554","2022-05-12T17:13:47.000Z"
"@cancer_hn Jjaa no sueño con que me den un anillo, de echo ya no sueño con casarme pero si llegará a casarme algún día me gustaría ser yo la que daría a la persona el anillo","0","0","5","https://twitter.com/JEmpanadita/status/1526210203376488449","2022-05-16T14:37:22.000Z"
"@cancer_hn Cuchá la metáfora que tiraaa 😆😮","0","0","2","https://twitter.com/DanteeCuenca/status/1525794442170580992","2022-05-15T11:05:17.000Z"
"@cancer_hn confirmo TODO","0","0","1","https://twitter.com/FlorenciaGuden/status/1526255713206403072","2022-05-16T17:38:13.000Z"
"Hogareño, amable y sensible, eres el amigo ideal cuando nos sentimos abatidos por cualquier motivo. Aportas una sensación de paz que es difícil de encontrar en otras personas. No hay nadie mejor que tú para ofrecer el confort de un hogar...
https://t.co/0O2L5csM1V","3","32","184","https://twitter.com/cancer_hn/status/1524078616136634372","2022-05-10T17:27:12.000Z"
"@cancer_hn Son sensibles pero su ira es grande cuando tocan a sus seres amados, esa sensibilidad de transforma en habilidad para herir profundamente","0","0","1","https://twitter.com/YtConejita/status/1524741971486539778","2022-05-12T13:23:08.000Z"
"@cancer_hn Jajajaja definitivamente esta página es la que mejor me describe el horóscopo","0","0","3","https://twitter.com/Susan_lin_/status/1525536995195363328","2022-05-14T18:02:17.000Z"
"@cancer_hn este mundo esta MUY intenso","0","0","0","https://twitter.com/daniperedaa/status/1525495436894777344","2022-05-14T15:17:09.000Z"
"@cancer_hn En esto si , totalmente de acuerdo. 
Y no estamos de mal humor , somos un poco serio q parece q estamos de mal humor continúo y nada que ver.","0","0","2","https://twitter.com/Veronic98506317/status/1525203856052965385","2022-05-13T19:58:30.000Z"
"@cancer_hn Sin más♋","0","0","1","https://twitter.com/inesdlblla_/status/1526567885262540801","2022-05-17T14:18:40.000Z"
"@Nachia_m @cancer_hn me pasa lo mismo","0","0","1","https://twitter.com/Facundosilve1ra/status/1525547099403657216","2022-05-14T18:42:26.000Z"
"@cancer_hn Digamos que tengo una antena sensorial que puedo ver más allá de lo evidente. 👀","1","0","4","https://twitter.com/saccita_/status/1526564763982974976","2022-05-17T14:06:16.000Z"
"@cancer_hn @lcg_cc la intuición ves?","1","0","1","https://twitter.com/_lmcs__/status/1526280407301476352","2022-05-16T19:16:20.000Z"
"@cancer_hn En esta no me siento identificado","0","0","1","https://twitter.com/JoniZyC14/status/1526610144196534274","2022-05-17T17:06:36.000Z"
"@cancer_hn Jajaja","0","0","0","https://twitter.com/alkilertandil/status/1526971332965109760","2022-05-18T17:01:50.000Z"
"@saccita_ @cancer_hn A mí también me pasa lo mismo","0","0","0","https://twitter.com/ana_pampa/status/1526952919458799617","2022-05-18T15:48:40.000Z"
"@cancer_hn Pjuý","0","0","0","https://twitter.com/PlexoGym/status/1525654026397724672","2022-05-15T01:47:19.000Z"
"@cancer_hn Venganza...??? Nada que ver, el karma lo puede todo!
Ven ganza!!! Ven 🤣 https://t.co/k0BUUbQAZM","0","0","4","https://twitter.com/solo_jor_ok/status/1525546405036666880","2022-05-14T18:39:40.000Z"
"@Miguel_Alduncin @cancer_hn Seguro?? 🤣🤣🤣🤣Pero qué hago tomándome esto en serio!! 🤣🤣🤣🤣🤣🤣🤣🤣🤣","0","0","0","https://twitter.com/papparola/status/1524798899583692801","2022-05-12T17:09:21.000Z"
"@cancer_hn @Un__Cacahuate Te e dicho que se dice  todo .. sin tapujos ..siendo claro siempre..","1","0","0","https://twitter.com/Jessica00471573/status/1525570355162759170","2022-05-14T20:14:51.000Z"
"@cancer_hn jamas les daremos el gusto","0","0","0","https://twitter.com/daniperedaa/status/1526318441128505349","2022-05-16T21:47:28.000Z"
"@cancer_hn Todo bien hasta que se  rayó el disco, ¿Con mucha facilidad? 🤨🧐","0","0","0","https://twitter.com/ElizabethAncca1/status/1525454087298351105","2022-05-14T12:32:50.000Z"
"@cancer_hn Ups creo que me acaban de descubrir 🤭","0","0","0","https://twitter.com/david_tr6/status/1526937407454593035","2022-05-18T14:47:01.000Z"
"@cancer_hn Si, ya tengo un rollo de ese pabilo","0","0","0","https://twitter.com/InghumbertoH/status/1526297402868699136","2022-05-16T20:23:52.000Z"
"@Susan_lin_ @Miguel_Alduncin @cancer_hn 😍😍😍😍","0","0","0","https://twitter.com/Diego2Samurai1/status/1525856095733956608","2022-05-15T15:10:16.000Z"
"@cancer_hn Nooooo jajajja","0","0","0","https://twitter.com/Buscador_Invest/status/1526988367459766272","2022-05-18T18:09:31.000Z"
"@cancer_hn Diría que me quieren destruir desde fuera , malmetiendo , la verdad les ha nokeao el cerebro bro  😁","0","0","0","https://twitter.com/Antonio84029400/status/1525786940318044160","2022-05-15T10:35:28.000Z"
"Los nativos del signo de Cáncer, como sucede con los Tauro, son personas muy exigentes en el amor y saben esperar en vez de salir corriendo ante cualquier relación. Por ello, no suelen encontrarse en situaciones de desamor. 
https://t.co/qWjW3s8WWQ","1","16","123","https://twitter.com/cancer_hn/status/1524364511234473986","2022-05-11T12:23:15.000Z"
"@cancer_hn to tal mente","0","0","0","https://twitter.com/daniperedaa/status/1525543857504636930","2022-05-14T18:29:33.000Z"
"@samo_tad @Alexhant @cancer_hn Jajajaaja. Chikis nunca dudes del poder de tu intuición. 🧛🏻‍♀️🖤 https://t.co/QtrJab4H7G","0","0","4","https://twitter.com/marianne_petite/status/1517873720425132033","2022-04-23T14:31:10.000Z"
"La vida no es perfecta, ojalá así fuera, Cáncer. El amor no es para siempre la mayoría de las veces. Ya es tiempo de que aceptes que hay personas que sólo llegan a tu vida para ser parte de un capítulo y no queda más que disfrutarlas hasta el fondo. 
https://t.co/Eq54kuPy6U","1","24","179","https://twitter.com/cancer_hn/status/1524013437587705856","2022-05-10T13:08:12.000Z"
"@cancer_hn la neta si","0","0","0","https://twitter.com/daniperedaa/status/1525495388500811777","2022-05-14T15:16:57.000Z"
"@cancer_hn Si soy 🤣🤣😈 INDIFERENTE.","0","0","1","https://twitter.com/ThaniaLopez_/status/1524797516704784387","2022-05-12T17:03:52.000Z"
"@cancer_hn Cierto","0","0","0","https://twitter.com/guiller47708901/status/1526656816901505025","2022-05-17T20:12:03.000Z"
"@cancer_hn Tener la oportunidad de viajar en el tiempo","0","0","0","https://twitter.com/PerezLaserra/status/1524790539085926400","2022-05-12T16:36:08.000Z"
"@cancer_hn Jajaja","0","0","0","https://twitter.com/EdnaLeticiaDia2/status/1526815437467418624","2022-05-18T06:42:21.000Z"
"@cancer_hn Encontrar a alguien que realmente me ame!!","0","0","0","https://twitter.com/griselda_piriz/status/1525149324987879424","2022-05-13T16:21:49.000Z"
"@cancer_hn @soytuespejo1 Ese es el mayor problema, asi las cosas no funcionan","0","0","0","https://twitter.com/ImJ32115206/status/1526862682661478402","2022-05-18T09:50:05.000Z"
"@cancer_hn A veces si me da miedo mi intuición 🥺","0","0","1","https://twitter.com/alexandraa07_/status/1526402999819685890","2022-05-17T03:23:29.000Z"
"@cancer_hn Cierto .creo que cuando  hablo le hablo a las paredes .🙈🙈","0","0","1","https://twitter.com/suarizaga/status/1525467136348536832","2022-05-14T13:24:41.000Z"
"@cancer_hn En fin.. asi es jajaja","0","0","0","https://twitter.com/Esteli2012/status/1526964478415364096","2022-05-18T16:34:35.000Z"
"@cancer_hn A pesar de que Cáncer sabe que no todo el mundo es de fiar, a veces confía demasiado en gente que no vale la pena y desconfía de quienes le pueden echar la mano. Cuando se da cuenta de las cosas, se da de topes por ser tan ingenuo y con poco tacto.","0","2","11","https://twitter.com/Miguel_Alduncin/status/1521534537783599104","2022-05-03T16:57:57.000Z"
"@cancer_hn @PaulaChamorro7 @perottiluz vamo a besarno","0","0","1","https://twitter.com/Anamo2020/status/1524758795448070144","2022-05-12T14:30:00.000Z"
"@cancer_hn Esto es tan real q hasta aplauden mis ojos 🌚","0","0","1","https://twitter.com/vnssavllrrbia/status/1526297938074427398","2022-05-16T20:26:00.000Z"
"@cancer_hn Cierto!!!","0","0","0","https://twitter.com/lilianamotto1/status/1524874537069854721","2022-05-12T22:09:55.000Z"
"@cancer_hn Esto si es real, esa que cancer solo llora que siempre ponen no le veo sentido","0","0","1","https://twitter.com/genyabarrios/status/1526290853039177729","2022-05-16T19:57:51.000Z"
"@heathazedom @cancer_hn He cambiado desde la última vez que nos vimos en Barna... LO SIENTO","1","0","0","https://twitter.com/Clautlyn/status/1524870739488301072","2022-05-12T21:54:49.000Z"
"@cancer_hn Soy cancer y para nada soy así 😄","0","0","0","https://twitter.com/MarGome77291711/status/1524754756991787008","2022-05-12T14:13:57.000Z"
"@cancer_hn Se enojan x cualquier cosa,no tienen paciencia.","0","1","1","https://twitter.com/NancyvHerrera/status/1525180723111632897","2022-05-13T18:26:35.000Z"
"@cancer_hn Absolutamente de acuerdo con todas! Jeje","0","0","0","https://twitter.com/montsebglez/status/1525427455204507648","2022-05-14T10:47:01.000Z"
"@cancer_hn Jajaja obvio 😝","0","0","0","https://twitter.com/Veronic98506317/status/1526741092850229249","2022-05-18T01:46:56.000Z"
"@cancer_hn Por más q ejerza presión sobre mi corazón no puedo lograr q se con vierta en una piedra,q es lo q a veces quisiera.","0","0","1","https://twitter.com/Maria27180919/status/1526614625785196544","2022-05-17T17:24:24.000Z"
"@cancer_hn K K UHWWKWKEIJUYYGHGWUAUTkfzjppv  6k5ýuu800","0","0","0","https://twitter.com/PlexoGym/status/1525653924010549248","2022-05-15T01:46:55.000Z"
"@cancer_hn Generos@ con tod@s","0","0","1","https://twitter.com/glenycita/status/1525121751650140161","2022-05-13T14:32:15.000Z"
"@cancer_hn Confirmo.","0","0","0","https://twitter.com/Jmdiaz68113452/status/1525553080368087040","2022-05-14T19:06:12.000Z"
"@cancer_hn Encontrar viajando en el tiempo, a quien realmente me ame para dejar los dramas","0","0","10","https://twitter.com/AkaDaion/status/1524034164298862594","2022-05-10T14:30:34.000Z"
"@cancer_hn 😂😂😂😂😂","0","0","1","https://twitter.com/FlowerSilvina/status/1525114328361451520","2022-05-13T14:02:45.000Z"
"@cancer_hn @horoscoponegro Pero termina siendo agotador para nosotros los 🦀","0","0","0","https://twitter.com/RelaxHank/status/1524825175342166018","2022-05-12T18:53:46.000Z"
"@cancer_hn ok gracias","0","0","1","https://twitter.com/memomamimomu/status/1526160352538402816","2022-05-16T11:19:17.000Z"
"@cancer_hn Y a veces puedes hablar y no te escuchan.","0","0","2","https://twitter.com/Jos_ldg/status/1525219551897604097","2022-05-13T21:00:53.000Z"
"@cancer_hn Cáncer es muy desconfiado, pero cuando confía en alguien, no le contará toda su vida, sin embargo, se sentirá protegido y seguro, sentirá que al lado tiene a alguien que lo puede cuidar y le puede echar la mano cuando lo necesite.","0","0","9","https://twitter.com/Miguel_Alduncin/status/1523754880711593984","2022-05-09T20:00:48.000Z"
"@cancer_hn Tan sencillo como eso 😉 habrá una persona así...? 🤔","0","0","0","https://twitter.com/solo_jor_ok/status/1526957783500955655","2022-05-18T16:07:59.000Z"
"@cancer_hn Por favor @nanugallo22","1","0","0","https://twitter.com/Jime_NOB74/status/1526162276369084418","2022-05-16T11:26:56.000Z"
"@cancer_hn Es verdad somos fuertes aunque no parece no hay que subestimar nuestras emociones.","0","0","1","https://twitter.com/Jos_ldg/status/1526291769863811072","2022-05-16T20:01:29.000Z"
"@cancer_hn Chale sisoy 😪","0","0","0","https://twitter.com/Mary_owo/status/1525258026738782209","2022-05-13T23:33:46.000Z"
"@nooheliapineda @cancer_hn ❤️❤️❤️","0","0","1","https://twitter.com/adriiherreraaa_/status/1526226262116773888","2022-05-16T15:41:11.000Z"
"@cancer_hn Demos un amor con paticas :3 🥰","0","0","0","https://twitter.com/Xander89Adkins/status/1525102152355663873","2022-05-13T13:14:22.000Z"
"@cancer_hn No lo sé rit","0","0","0","https://twitter.com/RassiellC/status/1526677734222610434","2022-05-17T21:35:10.000Z"
"@cancer_hn Aún no tengo claro, lo que quiero hacer.","0","0","3","https://twitter.com/vrcasay/status/1525845087871115264","2022-05-15T14:26:32.000Z"
"@cancer_hn Tener la oportunidad de viajar en el tiempo. Darle un abrazo a mi papá y decirle varias cosas que no pude..","0","0","7","https://twitter.com/Porladerecha8/status/1524029696115191809","2022-05-10T14:12:49.000Z"
"@cancer_hn @Patriziarochee osea beso M, y perreo cn O","0","0","0","https://twitter.com/fatima_rba/status/1525812279358398464","2022-05-15T12:16:10.000Z"
"@cancer_hn Así somos 🤷‍♀️","0","0","1","https://twitter.com/nuevavida1993/status/1525111996814970880","2022-05-13T13:53:29.000Z"
"@cancer_hn Es un comentario de lo que me está pasando , no es nada personal , no la conozco  🤗","0","0","0","https://twitter.com/Antonio84029400/status/1525218106641203205","2022-05-13T20:55:08.000Z"
"@Clautlyn @cancer_hn Cómo que furra, en quién te has convertido","1","0","1","https://twitter.com/heathazedom/status/1524870530070986752","2022-05-12T21:53:59.000Z"
"@cancer_hn @horoscoponegro @OsorioFreya vos: no t bloqueo pq no tengo amigos","1","0","1","https://twitter.com/viectorian/status/1524778320231116801","2022-05-12T15:47:35.000Z"
"@cancer_hn Lo más Loco que me paso es que mi ultima pareja es Cancer Igual… Y si ambos Aplicamos la indiferencia Y Pues… ☠️","0","0","1","https://twitter.com/JohnRM87x/status/1524803801231810561","2022-05-12T17:28:50.000Z"
"@cancer_hn @jeaninacq mi chica perfecta, mi amor hermosa, la mujer de mi vida 😍❤️‍🔥🧸","0","0","1","https://twitter.com/Mizu92/status/1525214302478553088","2022-05-13T20:40:01.000Z"
"@cancer_hn Literal, esto me pasa MUCHAS veces.","0","0","0","https://twitter.com/real_azmex/status/1525027659431936003","2022-05-13T08:18:22.000Z"
"@cancer_hn Nunca me he enamorado pero siii soy una tonta x q me engañan con facilidad 😤","0","0","1","https://twitter.com/mexicanisimaaaa/status/1526671556251983873","2022-05-17T21:10:37.000Z"
"@cancer_hn @horoscoponegro siganme los cancers 🐶","0","0","0","https://twitter.com/daniperedaa/status/1524785963775496198","2022-05-12T16:17:57.000Z"
"@cancer_hn Así es ,para que molestarse en odiar 🤷‍♂️","0","0","0","https://twitter.com/EstherIranzoMat/status/1524894570395357184","2022-05-12T23:29:31.000Z"
"@cancer_hn Mas claro imposible","0","0","0","https://twitter.com/Greisis98/status/1526647991972536321","2022-05-17T19:36:59.000Z"
"@Xuzzi @cancer_hn Pero dice la verdad 😁😅😅😅🤣🤣","3","0","6","https://twitter.com/Martincastroglz/status/1524490641211904002","2022-05-11T20:44:27.000Z"
"@cancer_hn Esto me conoce más que yo.","0","0","1","https://twitter.com/G3R_rb/status/1525547786682474496","2022-05-14T18:45:10.000Z"
"@AladinMichel_10 @cancer_hn Eso es lo que sos, un mañocito 🤣🤣","0","0","0","https://twitter.com/JjDevia24/status/1526207364881436672","2022-05-16T14:26:06.000Z"
"@lacamidesiempre @cancer_hn Jajajaja fue lo mismo que pensé, que demos todo, seamos empáticos, sensibles no quiere decir que seamos fácil de conquistar. Debieron poner que somos creativos más bien  👌","1","0","1","https://twitter.com/Susan_lin_/status/1525136596277805056","2022-05-13T15:31:14.000Z"
"@cancer_hn @horoscoponegro Bue , pero igual. 
Jajaja 🤣😃🤣😃🤣","0","0","0","https://twitter.com/Veronic98506317/status/1526351479996665856","2022-05-16T23:58:45.000Z"
"@cancer_hn 😌😌 totalmente de acuerdo ..","0","0","0","https://twitter.com/mexicanisimaaaa/status/1526670626030858240","2022-05-17T21:06:56.000Z"
"@cancer_hn Uy y eso como se haces ? Hay boicot en toda parte jajaja jajaja 🤣🤣","0","0","1","https://twitter.com/Veronic98506317/status/1526280437508845569","2022-05-16T19:16:27.000Z"
"@cancer_hn Nunca he besado a un tauro ni a un capricornio ahhh capricornio si jajajaj tauro no nunca , siempre besaba a sagitarios jajaja no sé porque se me repetía mucho ese signo en las cosas amorosas jajajja","1","0","2","https://twitter.com/Cariconi2013/status/1524830882904670208","2022-05-12T19:16:27.000Z"
"@cancer_hn Muy rompible","0","0","0","https://twitter.com/ju86611140/status/1525996914465837057","2022-05-16T00:29:50.000Z"
"@cancer_hn 🥺🥺🥺","1","0","1","https://twitter.com/misskamluwantan/status/1526165444637368320","2022-05-16T11:39:31.000Z"
"@cancer_hn Ese presentimiento, ese pensamiento, decirlo, y ver cómo se sorprenden del como sabemos es alucinante, simplemente perfectos nos llaman.","0","0","22","https://twitter.com/saidBzh/status/1517855323004022785","2022-04-23T13:18:04.000Z"
"@cancer_hn Un cáncer puede perdonar hasta lo imperdonable.. aún así que lo lastimen más y más .. Pero cuando llega a su límite es mejor tenerle miedo.","0","2","11","https://twitter.com/Jossm_a07/status/1515707795093524482","2022-04-17T15:04:33.000Z"
"@cancer_hn No sabía que tenía un lado oscuro 🫢","0","0","1","https://twitter.com/ThaniaLopez_/status/1526543810121064448","2022-05-17T12:43:00.000Z"
"@cancer_hn Eesooooo 😂","0","0","1","https://twitter.com/solinzauns/status/1526677447139205120","2022-05-17T21:34:02.000Z"
"@cancer_hn El anillo y la fiesta para cuándo? Es la pregunta que siempre me he hecho😢","0","0","0","https://twitter.com/mercedes34reyes/status/1526224401024401408","2022-05-16T15:33:47.000Z"
"@cancer_hn Pero un Cangrejo despierto y consiente de sus actos puede llegar a perdonar hasta lo peor","2","0","11","https://twitter.com/AlfonsoSirio/status/1515689539028795395","2022-04-17T13:52:00.000Z"
"@cancer_hn Jajaja jajaja jajaja , y bueno hay q ser un poco mucho frío jajaja 🤣.","0","0","0","https://twitter.com/Veronic98506317/status/1526713587305046016","2022-05-17T23:57:38.000Z"
"@cancer_hn @lizziedig si somooos jajaja","0","0","2","https://twitter.com/Anagallegos09/status/1524133888725028864","2022-05-10T21:06:50.000Z"
"@cancer_hn @_odin88 estoy kiste😔","0","0","1","https://twitter.com/andiidoddi/status/1526164184127373318","2022-05-16T11:34:30.000Z"
"@cancer_hn Jajaja nada mal","0","0","0","https://twitter.com/Veronic98506317/status/1526716807343575040","2022-05-18T00:10:26.000Z"
"@FedeDebastiani @cancer_hn El qué 🤷‍♀️","0","1","0","https://twitter.com/AnnaMudoyAnderb/status/1524122746145460228","2022-05-10T20:22:34.000Z"
"@cancer_hn Lo certifico. 👌😈","0","0","0","https://twitter.com/Victor_Resil/status/1525522132565893121","2022-05-14T17:03:13.000Z"
"@cancer_hn @Clau_diazm @horoscoponegro 🙋🏻‍♂️","0","0","1","https://twitter.com/sandbrico/status/1524732880282431489","2022-05-12T12:47:01.000Z"
"@cancer_hn Totalmente!","0","0","0","https://twitter.com/LuzGalucci/status/1526701661892255745","2022-05-17T23:10:15.000Z"
"@nicobrcquintana @cancer_hn El 99,99% de las veces","0","0","1","https://twitter.com/clfernandezg/status/1524847587013980160","2022-05-12T20:22:49.000Z"
"@cancer_hn Hay veces que mi lado oscuro domina mi vida jajaaja creo q la mayoría del tiempo jajaajaja","0","0","2","https://twitter.com/vicky_3003/status/1526556123230248977","2022-05-17T13:31:56.000Z"
"@cancer_hn Pero... es que.... pa que digo que no si si","0","0","1","https://twitter.com/ninamr26/status/1526547222908870656","2022-05-17T12:56:34.000Z"
"@cancer_hn A dónde tan mi","0","0","0","https://twitter.com/ramirezz_eph/status/1525992326367170563","2022-05-16T00:11:36.000Z"
"@cancer_hn Mis sueños sin dudas me salvaron varias veces.","0","0","0","https://twitter.com/cutimbo_karim/status/1526638240018710528","2022-05-17T18:58:14.000Z"
"@cancer_hn Tal cuál","0","0","0","https://twitter.com/cclaudette97/status/1525185062362292231","2022-05-13T18:43:50.000Z"
"@currymemero_03 @losmemesdelkiki @weed_jutsu @DennyRS2204 @Pichar2M @Owensito04 @mugi_akatsuki @Tobi_Shispot @MedusaPosting @auronplay @chicharron_flow @SanMemero @cancer_hn @pescaderoCU @asc__08 Me di cuenta es que te quieloo","0","0","4","https://twitter.com/Deadpool_cubano/status/1522354521539854338","2022-05-05T23:16:16.000Z"
"@cancer_hn @Soljimenaa con la q perreo 💃","1","0","2","https://twitter.com/_xelianab/status/1524791641676161031","2022-05-12T16:40:31.000Z"
"@cancer_hn Aveces quisiera que mi lado oscuro fuera un poco más claro es terrible","0","0","0","https://twitter.com/karmenj7/status/1526573374855696384","2022-05-17T14:40:29.000Z"
"@cancer_hn y, si no se que quiero hacer?","0","0","0","https://twitter.com/daniperedaa/status/1525839728326725632","2022-05-15T14:05:14.000Z"
"@cancer_hn Confirmo","0","0","0","https://twitter.com/JubelkysUrrutia/status/1526290303010807808","2022-05-16T19:55:39.000Z"
"@cancer_hn Ecxatamente 💫","0","0","0","https://twitter.com/Marianash3006/status/1526227592164032517","2022-05-16T15:46:28.000Z"
"@cancer_hn Viajar en el tiempo, viajar en el tiempo, VIAJAR EN EL TIEMPOOOOOOOOOO. A nadie le importa el amor cuando puedes viajar en e tiempo.","0","0","9","https://twitter.com/ShariffBerni/status/1524057208362868738","2022-05-10T16:02:08.000Z"
"@cancer_hn Noooo. No me vengo porque se me pasan los enfados y se me olvida😂😂😂","1","0","2","https://twitter.com/Nachia_m/status/1525520198249467906","2022-05-14T16:55:32.000Z"
"@cancer_hn Siempre yooooo","0","0","0","https://twitter.com/nancyalverdi/status/1525456520489615363","2022-05-14T12:42:30.000Z"
"@cancer_hn No entiendos 👨🏻‍🦯","0","0","1","https://twitter.com/VjOctavio/status/1524797416326799361","2022-05-12T17:03:28.000Z"
"@cancer_hn Si, soy ❣","0","0","1","https://twitter.com/BeatrizBalino/status/1525103017229434881","2022-05-13T13:17:49.000Z"
"@cancer_hn @camilayepes2 🥹🤣","1","0","1","https://twitter.com/caroltabares21/status/1525887328174194689","2022-05-15T17:14:23.000Z"
"@cancer_hn Los virgos ontan ptm","0","0","0","https://twitter.com/CharpHr/status/1524842733856247817","2022-05-12T20:03:32.000Z"
"@Miguel_Alduncin @cancer_hn Tan cierto... Nos condolemos más por el corazón ajeno. Aunque no siempre.","1","0","5","https://twitter.com/Susan_lin_/status/1525537172123795458","2022-05-14T18:02:59.000Z"
"@cancer_hn Olé olé olée que les den a todo.","0","0","2","https://twitter.com/JuradoBegines/status/1524102138632327169","2022-05-10T19:00:40.000Z"
"@cancer_hn Hola? Me a pasado","0","0","0","https://twitter.com/inesdlblla_/status/1526193600823820290","2022-05-16T13:31:24.000Z"
"@cancer_hn @niebacoulibaly si soy 🥹","0","0","2","https://twitter.com/miseel_laiyiar/status/1525154049259098113","2022-05-13T16:40:35.000Z"
"@cancer_hn Tal cual. 👏👏😉","0","0","0","https://twitter.com/Victor_Resil/status/1524842919013797892","2022-05-12T20:04:16.000Z"
"@ceeliamrr @cancer_hn Lo de que nos comemos la boca es cierto","0","0","0","https://twitter.com/margaa07/status/1524876512545103880","2022-05-12T22:17:46.000Z"
"@cancer_hn Alguien que realmente me ame","0","0","1","https://twitter.com/Dericethel/status/1524269993457815552","2022-05-11T06:07:40.000Z"
"@cancer_hn Ya basta 🙄 🥲","0","0","0","https://twitter.com/ThaniaLopez_/status/1525517698263928833","2022-05-14T16:45:36.000Z"
"@cancer_hn Jajaja jajaja jajaja jajaja , la nena me encantó jajaja jajaja jajaja. Yo los saludos , pero no lloro , debilidad jamás hay q mostrar jajaja","0","0","4","https://twitter.com/Veronic98506317/status/1524146210545618944","2022-05-10T21:55:48.000Z"
"@cancer_hn Jajaja","0","0","0","https://twitter.com/dianita0718/status/1525981137633431554","2022-05-15T23:27:09.000Z"
"@cancer_hn Totalmente de acuerdo 👌","0","0","0","https://twitter.com/solo_jor_ok/status/1526634710423642112","2022-05-17T18:44:13.000Z"
"@cancer_hn Pero las cosas son como yo concluyó o nada jajaja jajaja jajaja jajaja. Quien no gusta ,hay una invitación en la puerta de salida jajaja jajaja jajaja","0","0","0","https://twitter.com/Veronic98506317/status/1525224026246889472","2022-05-13T21:18:39.000Z"
"@InghumbertoH @cancer_hn Pos si 😆😆😆","1","0","1","https://twitter.com/nany040783/status/1526298140235661313","2022-05-16T20:26:48.000Z"
"@JjDevia24 @cancer_hn Mmm mañoso","1","0","2","https://twitter.com/AladinMichel_10/status/1526207149214515201","2022-05-16T14:25:14.000Z"
"@cancer_hn No me enamoro con facilidad.","0","0","1","https://twitter.com/FlowerSilvina/status/1525313158759469062","2022-05-14T03:12:50.000Z"
"@niiniano @cancer_hn Vos dame mi papelito 😭 jajajaja","0","0","2","https://twitter.com/Mbberazategui/status/1524088691295240192","2022-05-10T18:07:14.000Z"
"@Miguel_Alduncin @cancer_hn Tan cierto...","0","0","0","https://twitter.com/nfreites/status/1525615172068548611","2022-05-14T23:12:56.000Z"
"@cancer_hn Jajajaja qué asi sea","0","0","0","https://twitter.com/Myriam03603933/status/1526584368470310913","2022-05-17T15:24:10.000Z"
"@cancer_hn Encontrar alguien que realmente me ame","0","0","0","https://twitter.com/Eliana79trq/status/1525205037840060416","2022-05-13T20:03:12.000Z"
"@cancer_hn @adriiherreraaa_ lo del cora 🫶🏼","1","0","1","https://twitter.com/nooheliapineda/status/1526225203252142081","2022-05-16T15:36:59.000Z"
"@cancer_hn Tal cual .......","0","0","0","https://twitter.com/gpceee/status/1526291669318000643","2022-05-16T20:01:05.000Z"
"@cancer_hn Jajaja jajaja jajaja q es eso ? Calma ? Jajaja jajaja","0","0","1","https://twitter.com/Veronic98506317/status/1525873407023276033","2022-05-15T16:19:04.000Z"
"@cancer_hn Si soy","0","0","1","https://twitter.com/maroscuromar/status/1525102829001752577","2022-05-13T13:17:04.000Z"
"@cancer_hn @jeaninacq @jeaninacq por suerte tú tienes a alguien muy equilibrado que busca siempre cargarte en tus días malos y caminar contigo en tus días buenos, amarte sin importar nada, siempre tuyo, siempre para ti ❤️‍🔥🧸 mi pequeña cangreja 🦀","0","0","3","https://twitter.com/Mizu92/status/1524094463072555008","2022-05-10T18:30:10.000Z"
"@_lmcs__ @cancer_hn No falla","0","0","1","https://twitter.com/lcg_cc/status/1526299282655137793","2022-05-16T20:31:20.000Z"
"@cancer_hn Exactamente","0","0","0","https://twitter.com/RdzFra/status/1525669635508551681","2022-05-15T02:49:21.000Z"
"@nany040783 @cancer_hn 😂😂❤️","0","0","1","https://twitter.com/InghumbertoH/status/1526298532579262467","2022-05-16T20:28:22.000Z"
"@cancer_hn Cuesta","0","0","0","https://twitter.com/Rodrigoelcacike/status/1526209085007339523","2022-05-16T14:32:56.000Z"
"@cancer_hn Jajajajjaja luego porque uno llega tarde","0","0","1","https://twitter.com/Dorian_Francoo/status/1525475262690955268","2022-05-14T13:56:59.000Z"
"@cancer_hn Y muy oscuro 😁😁😁😁😁","0","0","0","https://twitter.com/nany040783/status/1526554109444345857","2022-05-17T13:23:56.000Z"
"@cancer_hn 👉😕","0","0","0","https://twitter.com/faustozavala/status/1525840687358431235","2022-05-15T14:09:03.000Z"
"@cancer_hn Seeeee. 🙏🏼💝","0","0","1","https://twitter.com/AndiiErSo/status/1526179019384836097","2022-05-16T12:33:27.000Z"
"@cancer_hn Amo el drama😛😜🤣 https://t.co/tFHSNvCkB6","0","0","0","https://twitter.com/NedaPaty/status/1524491116522975234","2022-05-11T20:46:20.000Z"
"@cancer_hn Huyyy lo peoorrr... nos sentimos burlados","0","0","0","https://twitter.com/KATHIRF/status/1525433966886539264","2022-05-14T11:12:53.000Z"
"@Jessica00471573 @cancer_hn Jajajaja oiga 😭","0","0","1","https://twitter.com/Un__Cacahuate/status/1525576937845968897","2022-05-14T20:41:00.000Z"
"@AgustiinSieben @cancer_hn 🤨","0","0","1","https://twitter.com/stefii_macia/status/1524849030076829696","2022-05-12T20:28:33.000Z"
"@cancer_hn Jaja 😂😂","0","0","0","https://twitter.com/faustozavala/status/1526910932944814082","2022-05-18T13:01:49.000Z"
"@cancer_hn Pues sí, porque al final acaba explotando y arde Troya!","0","0","0","https://twitter.com/xavier_peris/status/1525345473577603072","2022-05-14T05:21:15.000Z"
"@cancer_hn Ojalá 🙏🙏🤷‍♀️🙉","0","0","0","https://twitter.com/suarizaga/status/1526295657534857217","2022-05-16T20:16:56.000Z"
"@caroltabares21 @cancer_hn jajajajaja 😭😭😭","0","0","0","https://twitter.com/camilayepes2/status/1526201878907953153","2022-05-16T14:04:18.000Z"
"@cancer_hn Viajar en el tiempo...eso evitaría los dramas...y seguiría con ese amor...","0","1","0","https://twitter.com/nadiajramirez/status/1524053568529084417","2022-05-10T15:47:40.000Z"
"@cancer_hn Yo como buena canceriana, estoy tranquila solo cuando estoy dormida, así que mejor desembuche rápido lo que va a conversar conmigo! Eso si, primero asegúrese que me haya tomado mi cafecito, sino no respondo por mis miradas.🙄🙄🙄🙄😆😆😆😆😆😂","0","0","2","https://twitter.com/AzuGarca6/status/1521256746152562690","2022-05-02T22:34:06.000Z"
"@cancer_hn Confirmo","0","0","0","https://twitter.com/myguelm/status/1524778100709531657","2022-05-12T15:46:42.000Z"
"@cancer_hn Tu vieja","0","0","1","https://twitter.com/AlexisReynoso11/status/1524785051883524097","2022-05-12T16:14:20.000Z"
"@silversilvz @cancer_hn 😂😂😂😂😂","0","0","0","https://twitter.com/KeiOttenwalder/status/1524935219295428620","2022-05-13T02:11:02.000Z"
"@cancer_hn Un peso? No tienes idea lo bueno que es tener ese don. Es una alfombra sobre la cual se puede volar","0","1","6","https://twitter.com/Jdclogistica_CA/status/1517866583921680386","2022-04-23T14:02:48.000Z"
"@cancer_hn Tal cual mi descripción","2","0","0","https://twitter.com/nany040783/status/1526294850567655430","2022-05-16T20:13:44.000Z"
"@cancer_hn Es verdad así somos 😊","0","0","0","https://twitter.com/karmenj7/status/1525259295817879552","2022-05-13T23:38:48.000Z"
"@cancer_hn Dolorosamente exacto","0","0","0","https://twitter.com/HadesyEros/status/1524862385126883334","2022-05-12T21:21:37.000Z"
"@Jime_NOB74 @cancer_hn Discúlpame más cosas buenas dónde están? 😂","1","0","0","https://twitter.com/nanugallo22/status/1526227120661311488","2022-05-16T15:44:36.000Z"
"@cancer_hn Jajjajajaja ya valí 🫠","0","0","0","https://twitter.com/mayerlysenaida/status/1526218838479618049","2022-05-16T15:11:41.000Z"
"@cancer_hn Los premios","0","0","0","https://twitter.com/adnaradlgp/status/1525145430517948416","2022-05-13T16:06:21.000Z"
"@cancer_hn Naaa..","0","0","0","https://twitter.com/RichieCastroG/status/1524773039145029633","2022-05-12T15:26:36.000Z"
"@cancer_hn Así  soy yo","0","0","0","https://twitter.com/clarajm1957/status/1526217730436784129","2022-05-16T15:07:17.000Z"
"@cancer_hn Siempre yo","0","0","0","https://twitter.com/TatiAssnn/status/1524760630166573057","2022-05-12T14:37:17.000Z"
"@cancer_hn Jajaja si cuando hace frío , no da salir de la casa jajaja","0","0","1","https://twitter.com/Veronic98506317/status/1524760914775273472","2022-05-12T14:38:25.000Z"
"@nanirr17 @cancer_hn 🥹","0","0","0","https://twitter.com/juandcs_/status/1525456528840458240","2022-05-14T12:42:32.000Z"
"@cancer_hn Pues yo no soy nada vengativo.","0","0","0","https://twitter.com/josepitbull_75/status/1525525095007113223","2022-05-14T17:15:00.000Z"
"@cancer_hn el punto 2 no es así, tenemos memoria de elefante","1","0","8","https://twitter.com/frutita2020/status/1510982547530035212","2022-04-04T14:08:06.000Z"
"@cancer_hn Seeee","0","0","0","https://twitter.com/almendradeliryo/status/1524784488756047872","2022-05-12T16:12:05.000Z"
"@cancer_hn Totalmente! Y no los aplicamos en nosotros mismos","1","0","11","https://twitter.com/Pauli_tweet/status/1518223432101466112","2022-04-24T13:40:48.000Z"
"@nany040783 @cancer_hn Chupetas de ajo mestruantes 😂","1","0","1","https://twitter.com/InghumbertoH/status/1526297275177238529","2022-05-16T20:23:22.000Z"
"@cancer_hn Cristo amparanos 
Pd:soy JASKAHSAG","0","0","0","https://twitter.com/SanSukito/status/1524376905830612993","2022-05-11T13:12:30.000Z"
"@cancer_hn Mi Esposa es Acuario, llevamos 27 años juntos, no siempre se tienen que dar las reglas a rajatabla.","1","0","3","https://twitter.com/humbergonzalezz/status/1515367436576514055","2022-04-16T16:32:05.000Z"
"@AnnaMudoyAnderb @cancer_hn como se hace eso? me hace falta 😪","1","1","1","https://twitter.com/FedeDebastiani/status/1524121598139277312","2022-05-10T20:18:00.000Z"
"@ca1kla @cancer_hn Soy yo","0","0","1","https://twitter.com/trainooo777/status/1524095760903643137","2022-05-10T18:35:20.000Z"
"@cancer_hn Y que","0","0","0","https://twitter.com/plassfranco/status/1524524546241576962","2022-05-11T22:59:10.000Z"
"@misskamluwantan @cancer_hn Ánimo","0","0","0","https://twitter.com/Martincastroglz/status/1526180676755607553","2022-05-16T12:40:03.000Z"
"@cancer_hn verdaderamente","0","0","0","https://twitter.com/janicecabaa/status/1525537034315911168","2022-05-14T18:02:26.000Z"
"@cancer_hn @22Paa no me escondo","1","0","1","https://twitter.com/_beaa_16/status/1524502678117793792","2022-05-11T21:32:17.000Z"
"@cancer_hn Intensa a más no poder !! 😈😍🥺","0","0","1","https://twitter.com/claudiiesc01/status/1524477227894599681","2022-05-11T19:51:09.000Z"
"@HildaMesias @cancer_hn JAJAJAJA doy fe 😂😂","0","0","1","https://twitter.com/caelissal/status/1524393890199052288","2022-05-11T14:19:59.000Z"
"@cancer_hn Ninguna","0","0","0","https://twitter.com/jepeton18/status/1524561415708856320","2022-05-12T01:25:41.000Z"
"@cancer_hn Tal cual.","0","0","0","https://twitter.com/Dagmar73Dagmar/status/1524315050323984385","2022-05-11T09:06:43.000Z"
"@cancer_hn @jpcolon1 jajajjajajaa","0","0","0","https://twitter.com/lautaroramirez_/status/1525504705316720640","2022-05-14T15:53:58.000Z"
"@cancer_hn Ciertisimo","0","0","1","https://twitter.com/JOSAGO1975/status/1524802004257759232","2022-05-12T17:21:41.000Z"
"@cancer_hn Viajar en el tiempo","0","0","0","https://twitter.com/napo_ortiz/status/1524040027784859651","2022-05-10T14:53:52.000Z"
"@cancer_hn Jajajaja siiii 😂👍","0","0","0","https://twitter.com/MalTrejo1/status/1524475568141455360","2022-05-11T19:44:33.000Z"
"@cancer_hn Ayuda, es una decisión difícil... 🥲","0","0","0","https://twitter.com/ClaudiaM0627/status/1524118676168925185","2022-05-10T20:06:23.000Z"
"@veronicavanessa @cancer_hn @horoscoponegro Dios","0","0","1","https://twitter.com/AntoIglesias/status/1524756129582133248","2022-05-12T14:19:24.000Z"
"@cancer_hn Exacto….","0","0","0","https://twitter.com/Nachia_m/status/1524855945926418434","2022-05-12T20:56:02.000Z"
"@cancer_hn Olvidar todos los dramas. Sin duda","0","0","0","https://twitter.com/puercolandia/status/1524064200951222272","2022-05-10T16:29:55.000Z"
"@floor015 @cancer_hn Jajajaja y una falsa vendí de la mano","1","0","0","https://twitter.com/EkeMaidana/status/1526243552778260480","2022-05-16T16:49:53.000Z"
"@viectorian @cancer_hn @horoscoponegro JAJAJAJAJA","0","0","1","https://twitter.com/OsorioFreya/status/1524779140729036806","2022-05-12T15:50:50.000Z"
"@cancer_hn Hoy antes de levantarme.","0","0","0","https://twitter.com/Jos_ldg/status/1524746093791105027","2022-05-12T13:39:31.000Z"
"@EsquivelTorresG @cancer_hn Lo chévere sería volver con la edad de la época pero con la sabiduría del hoy.","0","0","2","https://twitter.com/Buscador_Invest/status/1524181464233000962","2022-05-11T00:15:53.000Z"
"@cancer_hn Excepto el punto 3, todo lo contrario","0","0","7","https://twitter.com/MamaLisVzla/status/1516780469152587785","2022-04-20T14:06:58.000Z"
"@Susan_lin_ @cancer_hn Jaj exacto","0","0","1","https://twitter.com/lacamidesiempre/status/1525142513568342016","2022-05-13T15:54:45.000Z"
"@_xelianab @cancer_hn Siempre perreo ❤❤","0","0","2","https://twitter.com/Soljimenaa/status/1524827007816589312","2022-05-12T19:01:03.000Z"
"@cancer_hn Si viajar","0","0","0","https://twitter.com/JanetVe73220773/status/1524092319930019840","2022-05-10T18:21:39.000Z"
"@cancer_hn Muy cierto 😃😃","0","0","0","https://twitter.com/LuciaJi78648316/status/1524586593255837696","2022-05-12T03:05:43.000Z"
"@cancer_hn LAS 3 OPCIONES SON UNA PORONGA . 👎👎👎","0","0","0","https://twitter.com/LeoDIDOMNICO1/status/1524214228994826240","2022-05-11T02:26:05.000Z"
"@cancer_hn 😂😂😂😂","0","0","0","https://twitter.com/EstherIranzoMat/status/1524367895509319681","2022-05-11T12:36:42.000Z"
"@cancer_hn Quisiera no ser tan intensa , además me gusta lo difícil el amor tranquilo y fácil alguien que se entregué por completo y a ciegas a mi me aburre 😢 no tengo remedio jajaja","0","0","1","https://twitter.com/Cariconi2013/status/1524561227267338240","2022-05-12T01:24:56.000Z"
"@cancer_hn Encontrar el amor verdadero 🙌🏻","0","0","0","https://twitter.com/wsgdmjnzxm/status/1524103983849086977","2022-05-10T19:08:00.000Z"
"@cancer_hn Exacto","0","0","0","https://twitter.com/nuevavida1993/status/1524392205883949056","2022-05-11T14:13:18.000Z"
"@mariaadoradoo @ceeliamrr @cancer_hn Contigo solo hay dramas amorosos","0","0","1","https://twitter.com/jameluza/status/1524813703677366273","2022-05-12T18:08:11.000Z"
"@Ferdela3 @cancer_hn 💪🏻❤️🙏🏻","0","0","2","https://twitter.com/ClamarCruzca/status/1524583581741420545","2022-05-12T02:53:45.000Z"
"@cancer_hn uf y me voy enterando 😅😭","0","0","0","https://twitter.com/daniperedaa/status/1524551088564801544","2022-05-12T00:44:38.000Z"
"@cancer_hn Tener la oportunidad de viajar en el tiempo para evitar cometer los errores.","0","0","0","https://twitter.com/Marcelojose2022/status/1524083134693883905","2022-05-10T17:45:10.000Z"
"@cancer_hn Así se habla Cáncer ♋","0","0","0","https://twitter.com/FlowerSilvina/status/1524468064082870276","2022-05-11T19:14:44.000Z"
"@cancer_hn Viajaría en el tiempo","0","0","0","https://twitter.com/viniciorz/status/1524142921355771909","2022-05-10T21:42:44.000Z"
"@cancer_hn Cua de los caminos cojo","0","0","0","https://twitter.com/JuradoBegines/status/1524101025686331395","2022-05-10T18:56:15.000Z"
"@cancer_hn Yo hoy pase por todos esos estados 😂😂","0","0","0","https://twitter.com/Lauluady/status/1524190341078781952","2022-05-11T00:51:10.000Z"
"@cancer_hn Todos están interesantes, pero quizás el viaje.","0","0","0","https://twitter.com/Buscador_Invest/status/1524181026939064320","2022-05-11T00:14:09.000Z"
"@cancer_hn verdad q si","0","0","0","https://twitter.com/dary45622690/status/1524175349491318784","2022-05-10T23:51:35.000Z"
"@cancer_hn ME PUSE UNOS ESQUÍES Y  FUI DIRECTO A MI CORAZÓN 🥶🥶🥶🥶🥶🥶🥶🥶🥶😅😅😅😅😅😅😅😅🤣🤣😂🤣😂🤣😂😂😂","0","0","1","https://twitter.com/LeoDIDOMNICO1/status/1524215935636176897","2022-05-11T02:32:52.000Z"
"@cancer_hn INTENSITA ÉSTAAAA!!!!!😅😅😅😅😅😅😅😅😅🤣😂🤣😂🤣😂🤣😂💥💥💥💥💥","0","0","0","https://twitter.com/LeoDIDOMNICO1/status/1524579638181310464","2022-05-12T02:38:05.000Z"
"@cancer_hn Casi 25 años en lo mismo 😅","0","0","0","https://twitter.com/Joan6000/status/1524720234560634880","2022-05-12T11:56:46.000Z"
"@EsquivelTorresG @cancer_hn Buena aclaración xd","0","0","0","https://twitter.com/Cuarzorosa11/status/1524093233793486850","2022-05-10T18:25:17.000Z"
"@cancer_hn A veces es un coñazo ser cáncer directamente","0","0","0","https://twitter.com/ArksSophie/status/1524678805687779328","2022-05-12T09:12:09.000Z"
"@cancer_hn No están preparados para soltarr , están un poco verdecolera , no tengo ropa desinfectada  🤔","0","0","1","https://twitter.com/Antonio84029400/status/1524708607018905600","2022-05-12T11:10:34.000Z"
"@cancer_hn Jajaja xd","0","0","0","https://twitter.com/estrellacas081/status/1524026005056376834","2022-05-10T13:58:09.000Z"
"@cancer_hn Tener la oportunidad de viajar en el tiempo, desde muy niña siempre lo he pensado, me encantaria😍","0","0","0","https://twitter.com/Yake83532711/status/1524033957381218304","2022-05-10T14:29:45.000Z"
"@cancer_hn Poder viajar en el tiempo. 
Sin duda éso elijo","0","0","0","https://twitter.com/Veronic98506317/status/1524365755755769856","2022-05-11T12:28:12.000Z"
"@cancer_hn Así de simple es osea yo 🤭🤣","0","0","0","https://twitter.com/LaMoren49015642/status/1524570784487952384","2022-05-12T02:02:54.000Z"
"@Martincastroglz @Xuzzi @cancer_hn Su ex es Cancer JAJAJAJA","1","0","0","https://twitter.com/_bcsz/status/1524815850972266498","2022-05-12T18:16:43.000Z"
"@cancer_hn Tener la oportunidad d viajar en el tiempo","0","0","0","https://twitter.com/patino_armas/status/1524188960716734467","2022-05-11T00:45:40.000Z"
"@cancer_hn 🥲","0","0","0","https://twitter.com/inesdlblla_/status/1524623547926200322","2022-05-12T05:32:34.000Z"
"@juliaasaz @cancer_hn QUE M MEO JÚLIA","0","0","0","https://twitter.com/paulagarciiaa07/status/1524136675059945472","2022-05-10T21:17:55.000Z"
"@cancer_hn Yo pienso lo mismo , estuvo con algún canceriano o canceriana y le pegó mal jajaja jajaja jajaja jajaja jajaja jajaja jajaja. 
Y no siempre dice la verdad","0","0","0","https://twitter.com/Veronic98506317/status/1524505381145251840","2022-05-11T21:43:01.000Z"
"@cancer_hn Asumí que soy fuerte, después del fallecimiento de mi esposo, fui una guerrera por proteger a mis hijos, después falleció mi hija y supe realmente, lo que es que te duela el corazón y tener que ser aún más fuerte, por tus hijos que están detrás de ti.","1","0","1","https://twitter.com/Ferdela3/status/1524495748984971264","2022-05-11T21:04:44.000Z"
"@cancer_hn Real de acuerdo","0","0","2","https://twitter.com/smerlinv/status/1525114365183139848","2022-05-13T14:02:54.000Z"
"@cancer_hn @luscurapg @VeroV_1","0","0","1","https://twitter.com/228mc/status/1524150176423858181","2022-05-10T22:11:34.000Z"
"@cancer_hn A chuparla...!","0","0","0","https://twitter.com/jucalomi9506/status/1524115762813747212","2022-05-10T19:54:49.000Z"
"@cancer_hn Naaaaa, ni me va ni me viene lo que piensen o digan de la familia y/o amistades. Lo único que pienso que es cierto: no me gustan las mentiras.  La verdad, siempre sale a la luz. La mentira tiene patas cortas","0","0","0","https://twitter.com/FlowerSilvina/status/1524469540624732162","2022-05-11T19:20:36.000Z"
"@cancer_hn No me gusta el pasado .","0","0","0","https://twitter.com/suarizaga/status/1524187559605153792","2022-05-11T00:40:06.000Z"
"@cancer_hn Creo que he encontrado esto algo tarde.","0","0","0","https://twitter.com/PrincsAngg/status/1524061519654313989","2022-05-10T16:19:16.000Z"
"@cancer_hn viajar en el tiempo,  sin duda","0","0","0","https://twitter.com/jenyoliva/status/1524388041695141892","2022-05-11T13:56:45.000Z"
"@cancer_hn Así se simple es 🤣🤣🤣","1","0","0","https://twitter.com/LaMoren49015642/status/1524568162624229377","2022-05-12T01:52:29.000Z"
"@cancer_hn La gente siempre te hace sentir culpable por eso uno sufre.","0","0","0","https://twitter.com/Jos_ldg/status/1524175649425924096","2022-05-10T23:52:47.000Z"
"@cancer_hn Viajar en el tiempo. eso de amar nadie te va amar tanto como se puede amar a uno mismo y olvidar es fácil, ya se me olvido","0","0","0","https://twitter.com/Esthela33631144/status/1524152136682008576","2022-05-10T22:19:21.000Z"
"@cancer_hn @michigalvaan Chocala  canceriana  🤜🤛
🥰🥰😘","0","0","0","https://twitter.com/Nioprodigio8/status/1524231934460706816","2022-05-11T03:36:26.000Z"
"@cancer_hn Viajar en el tiempo 🤩","0","0","0","https://twitter.com/Nin_qury/status/1524143276470767617","2022-05-10T21:44:08.000Z"
"@cancer_hn Jajajaj","0","0","0","https://twitter.com/DanteeCuenca/status/1524477585333309443","2022-05-11T19:52:34.000Z"
"@cancer_hn Tampoco asi 😅😅😅😅","0","0","0","https://twitter.com/nany040783/status/1524376392833638402","2022-05-11T13:10:28.000Z"
"@cancer_hn Viajar en el tiempo, creo que es lo que quiero","0","0","0","https://twitter.com/Maricheli6/status/1524122326106722304","2022-05-10T20:20:54.000Z"
"@Alexhant @cancer_hn @marianne_petite jajajaja :P demuestrame tu poder satánico, si es que tienes, brujas del demonio","3","0","2","https://twitter.com/samo_tad/status/1517869792962781184","2022-04-23T14:15:33.000Z"
"@cancer_hn El amor,siempre el amor","0","0","0","https://twitter.com/yomismasoy93/status/1524143262377852930","2022-05-10T21:44:05.000Z"
"@cancer_hn Qué no me toquen a mís hijos.... La fragilidad se combierte en loba..","0","0","0","https://twitter.com/PoyatosVargas/status/1524427661292056577","2022-05-11T16:34:11.000Z"
"@cancer_hn Es totalmente cierto","0","0","0","https://twitter.com/CardioIQT/status/1525153877607084033","2022-05-13T16:39:55.000Z"
"@cancer_hn @paulagarciiaa07 el último muy yo HAHAHAHA","1","0","0","https://twitter.com/juliaasaz/status/1524134833974386688","2022-05-10T21:10:36.000Z"
"@cancer_hn Que putada pero lo peor es que es cierto joder","0","0","1","https://twitter.com/JuradoBegines/status/1524101554407682057","2022-05-10T18:58:21.000Z"
"@cancer_hn xD","0","0","0","https://twitter.com/AloneRGRforever/status/1524022114176614409","2022-05-10T13:42:41.000Z"
"@cancer_hn 👌🏻😏","0","0","0","https://twitter.com/veoyanalizo/status/1524681541145800704","2022-05-12T09:23:01.000Z"
"@Jime_NOB74 @cancer_hn Será jajaja","1","0","0","https://twitter.com/nanugallo22/status/1526227920582193152","2022-05-16T15:47:46.000Z"
"@cancer_hn @jeaninacq la mujer más fuerte que conozco, y la que me trae enamorado de su fortaleza ❤️‍🔥🧸","0","0","2","https://twitter.com/Mizu92/status/1524491460690644992","2022-05-11T20:47:42.000Z"
"@cancer_hn Anda","0","0","1","https://twitter.com/KarlaLove_CE/status/1524009120474574850","2022-05-10T12:51:03.000Z"
"@cancer_hn Viajar en el tiempo, para volver a ver a mis padres y abrazarlos fuerte, y revivir momentos unicos que me regalaron forjando en mí quien soy.","0","0","0","https://twitter.com/jovateirA/status/1524068000118321152","2022-05-10T16:45:01.000Z"
"@cancer_hn Teníamos que ser amigas @epazr2000 que bien caes baby🤍","0","0","0","https://twitter.com/paulapuenteh/status/1524370702308102145","2022-05-11T12:47:51.000Z"
"@cancer_hn @mariajoseceor ya decía yo que esto no es normal 😂","1","0","0","https://twitter.com/chinis1817/status/1524555154007068672","2022-05-12T01:00:48.000Z"
"@cancer_hn ponele jaja","0","0","0","https://twitter.com/lilianalopezla1/status/1524535325783076865","2022-05-11T23:42:00.000Z"
"@cancer_hn ❤️","0","0","0","https://twitter.com/katherinaa92/status/1524055317209882631","2022-05-10T15:54:37.000Z"
"@cancer_hn Tener la oportunidad d viajar en el tiempo","0","0","0","https://twitter.com/Fernand83567227/status/1524066182810066945","2022-05-10T16:37:48.000Z"
"@Martincastroglz @Xuzzi @cancer_hn 😂😂😂😂😂😂","0","0","0","https://twitter.com/lilianalopezla1/status/1524535427633319936","2022-05-11T23:42:25.000Z"
"@GuadalupeGoya3 @cancer_hn Arta ya me tenés 🤣🤣🤣🤣","0","0","0","https://twitter.com/Eveee05668720/status/1524368277857783809","2022-05-11T12:38:13.000Z"
"@mariajoseceor @cancer_hn 😢","0","0","0","https://twitter.com/chinis1817/status/1524590232905035778","2022-05-12T03:20:11.000Z"
"@cancer_hn 😂😂😂","0","0","0","https://twitter.com/esther_marrecs/status/1524680117821321218","2022-05-12T09:17:21.000Z"
"@cancer_hn Viajar en el tiempo.","0","0","0","https://twitter.com/caracoles12345/status/1524059161222287361","2022-05-10T16:09:54.000Z"
"@cancer_hn Tener la oportunidad de viajar en el tiempo","0","0","0","https://twitter.com/dar_boleda/status/1524171184522379264","2022-05-10T23:35:02.000Z"
"@cancer_hn Viajar en el tiempo","0","0","0","https://twitter.com/SOYDONHECTOR/status/1524255056287059968","2022-05-11T05:08:19.000Z"
"@cancer_hn Mmm los dramas jajaja","0","0","0","https://twitter.com/monges94/status/1524823514934415360","2022-05-12T18:47:10.000Z"
