[
  {
    "id": "fa1cb42f-21fb-44a4-a686-7a1291a89539",
    "data": [
      {
        "text": "Hola",
        "meta": "@saludo",
        "alias": "saludo",
        "userDefined": true
      },
      {
        "text": " soy ",
        "userDefined": false
      },
      {
        "text": "Alix",
        "meta": "@sys.person",
        "alias": "person",
        "userDefined": false
      }
    ],
    "isTemplate": false,
    "count": 0,
    "lang": "es",
    "updated": 0
  },
  {
    "id": "d67b645c-55e5-46e5-868f-4002d8ea8f23",
    "data": [
      {
        "text": "hola",
        "userDefined": false
      }
    ],
    "isTemplate": false,
    "count": 0,
    "lang": "es",
    "updated": 0
  },
  {
    "id": "31ba3bbc-a348-476e-bd6f-43dbe2f6b22e",
    "data": [
      {
        "text": "hey",
        "userDefined": false
      }
    ],
    "isTemplate": false,
    "count": 0,
    "lang": "es",
    "updated": 0
  },
  {
    "id": "5e0d2170-6cc4-4507-bcb5-550b358f7bc3",
    "data": [
      {
        "text": "saludos",
        "userDefined": false
      }
    ],
    "isTemplate": false,
    "count": 0,
    "lang": "es",
    "updated": 0
  },
  {
    "id": "0123b62c-87cc-4b4d-a415-19b0b4213afc",
    "data": [
      {
        "text": "hey ho",
        "userDefined": false
      }
    ],
    "isTemplate": false,
    "count": 0,
    "lang": "es",
    "updated": 0
  },
  {
    "id": "06545a93-2f4b-4c46-b62f-d244eb1304c4",
    "data": [
      {
        "text": "chao",
        "userDefined": false
      }
    ],
    "isTemplate": false,
    "count": 0,
    "lang": "es",
    "updated": 0
  }
]