[
  {
    "id": "0729d935-66cd-43dc-ad20-ff7de626ca6f",
    "data": [
      {
        "text": "Estudiar fuera del pais",
        "userDefined": false
      }
    ],
    "isTemplate": false,
    "count": 0,
    "lang": "es",
    "updated": 0
  },
  {
    "id": "51b9f6ee-dd90-4553-8066-fa04da94ab68",
    "data": [
      {
        "text": "Intercambio",
        "userDefined": false
      }
    ],
    "isTemplate": false,
    "count": 0,
    "lang": "es",
    "updated": 0
  },
  {
    "id": "8c78a6b3-20ab-48e5-87d6-87994b6f41d4",
    "data": [
      {
        "text": "Estudiar ",
        "userDefined": false
      },
      {
        "text": "en el extranjero",
        "userDefined": false
      }
    ],
    "isTemplate": false,
    "count": 0,
    "lang": "es",
    "updated": 0
  },
  {
    "id": "f918a810-6b1b-47f5-887c-2fbd8f4c44dc",
    "data": [
      {
        "text": "Quiero estudiar ",
        "userDefined": false
      },
      {
        "text": "en el extranjero",
        "userDefined": false
      },
      {
        "text": ", ¿Cómo ",
        "userDefined": false
      },
      {
        "text": "es",
        "userDefined": false
      },
      {
        "text": " el proceso?",
        "userDefined": false
      }
    ],
    "isTemplate": false,
    "count": 0,
    "lang": "es",
    "updated": 0
  }
]