[
  {
    "id": "283f42fc-bf7e-4aa3-bc6c-99ab78e934a9",
    "data": [
      {
        "text": "Banco",
        "userDefined": false
      },
      {
        "text": " pago de inscripción",
        "userDefined": false
      }
    ],
    "isTemplate": false,
    "count": 0,
    "lang": "es",
    "updated": 0
  },
  {
    "id": "a1077cc6-24d2-48c0-9723-38dc3e34efa5",
    "data": [
      {
        "text": "Banco",
        "userDefined": false
      }
    ],
    "isTemplate": false,
    "count": 0,
    "lang": "es",
    "updated": 0
  },
  {
    "id": "40d77619-6270-4bf8-bc1e-f2ba11c77092",
    "data": [
      {
        "text": "¿",
        "userDefined": false
      },
      {
        "text": "En",
        "userDefined": false
      },
      {
        "text": " qué ",
        "userDefined": false
      },
      {
        "text": "banco",
        "userDefined": false
      },
      {
        "text": " se debe realizar el pago de la inscripción?",
        "userDefined": false
      }
    ],
    "isTemplate": false,
    "count": 0,
    "lang": "es",
    "updated": 0
  }
]