[
  {
    "id": "d84f433c-989c-4a5f-8247-ee75151686c4",
    "data": [
      {
        "text": "Doble",
        "userDefined": false
      },
      {
        "text": " programa",
        "userDefined": false
      }
    ],
    "isTemplate": false,
    "count": 1,
    "lang": "es",
    "updated": 0
  },
  {
    "id": "46f93acd-6dd7-45eb-b2ab-3540cf623f88",
    "data": [
      {
        "text": "Doble",
        "userDefined": false
      },
      {
        "text": " titulacion",
        "userDefined": false
      }
    ],
    "isTemplate": false,
    "count": 0,
    "lang": "es",
    "updated": 0
  },
  {
    "id": "3a3492c1-7f89-4cc8-a7c6-b894a638a348",
    "data": [
      {
        "text": "Estudiar ",
        "userDefined": false
      },
      {
        "text": "dos",
        "userDefined": false
      },
      {
        "text": " carreras",
        "userDefined": false
      }
    ],
    "isTemplate": false,
    "count": 0,
    "lang": "es",
    "updated": 0
  },
  {
    "id": "a9987682-ddf5-44fb-9cd6-6f43203515f3",
    "data": [
      {
        "text": "¿Puedo hacer ",
        "userDefined": false
      },
      {
        "text": "dos",
        "userDefined": false
      },
      {
        "text": " programas al mismo tiempo?",
        "userDefined": false
      }
    ],
    "isTemplate": false,
    "count": 0,
    "lang": "es",
    "updated": 0
  }
]