[
  {
    "id": "20587887-26e9-414a-8f26-a713a89c21a3",
    "data": [
      {
        "text": "¿",
        "userDefined": false
      },
      {
        "text": "Qué es el AC",
        "userDefined": false
      },
      {
        "text": "?",
        "userDefined": false
      }
    ],
    "isTemplate": false,
    "count": 0,
    "lang": "es",
    "updated": 0
  },
  {
    "id": "d8596a68-1206-4ae6-801c-afc6290acdda",
    "data": [
      {
        "text": "AC",
        "userDefined": false
      }
    ],
    "isTemplate": false,
    "count": 0,
    "lang": "es",
    "updated": 0
  },
  {
    "id": "5591b5d1-9738-415b-80fa-0a7e75a13d00",
    "data": [
      {
        "text": "¿",
        "userDefined": false
      },
      {
        "text": "dónde lo puedo encontrar el AC",
        "userDefined": false
      },
      {
        "text": "?",
        "userDefined": false
      }
    ],
    "isTemplate": false,
    "count": 0,
    "lang": "es",
    "updated": 0
  },
  {
    "id": "d2acc83b-c2f0-46ea-815f-436463cd395d",
    "data": [
      {
        "text": "Durante el proceso de ",
        "userDefined": false
      },
      {
        "text": "inscripción el sistema me pide el AC",
        "userDefined": false
      },
      {
        "text": ", ¿dónde lo puedo encontrar?",
        "userDefined": false
      }
    ],
    "isTemplate": false,
    "count": 0,
    "lang": "es",
    "updated": 0
  }
]