[
  {
    "id": "ec3da44f-a80b-4e59-bfd4-70402513f030",
    "data": [
      {
        "text": "Recibo de pago",
        "userDefined": false
      }
    ],
    "isTemplate": false,
    "count": 0,
    "lang": "es",
    "updated": 0
  },
  {
    "id": "a1377870-454c-406d-aa0c-67549b936a0f",
    "data": [
      {
        "text": "¿Cómo se genera el recibo de pago de la matricula?",
        "userDefined": false
      }
    ],
    "isTemplate": false,
    "count": 0,
    "lang": "es",
    "updated": 0
  }
]