[
  {
    "id": "a449c811-d3f1-48d6-941c-079b162b4535",
    "data": [
      {
        "text": "Recibo de inscripción",
        "userDefined": false
      }
    ],
    "isTemplate": false,
    "count": 0,
    "lang": "es",
    "updated": 0
  },
  {
    "id": "40747208-8715-4dae-865c-b9625751d99e",
    "data": [
      {
        "text": "¿cómo se genera el recibo de pago de la inscripción?",
        "userDefined": false
      }
    ],
    "isTemplate": false,
    "count": 0,
    "lang": "es",
    "updated": 0
  },
  {
    "id": "fb35d737-2f6b-4ee3-982b-1ed7c5c83232",
    "data": [
      {
        "text": "¿Ya he realizado la pre-inscripción, ",
        "userDefined": false
      },
      {
        "text": "cómo",
        "userDefined": false
      },
      {
        "text": " se genera el recibo de pago de la inscripción?",
        "userDefined": false
      }
    ],
    "isTemplate": false,
    "count": 0,
    "lang": "es",
    "updated": 0
  }
]