[
  {
    "id": "a6f4c004-349b-40c8-b1e0-f867f2e2f0ea",
    "data": [
      {
        "text": "Protocolos de bioseguridad",
        "userDefined": false
      }
    ],
    "isTemplate": false,
    "count": 0,
    "lang": "es",
    "updated": 0
  },
  {
    "id": "31ee3fbe-d9f5-4813-9229-557caeaaceeb",
    "data": [
      {
        "text": "¿Dónde encuentro los protocolos de bioseguridad?",
        "userDefined": false
      }
    ],
    "isTemplate": false,
    "count": 0,
    "lang": "es",
    "updated": 0
  }
]