[
  {
    "id": "54374356-312f-4d06-82e2-cef8eb6f4993",
    "data": [
      {
        "text": "documentos",
        "userDefined": false
      }
    ],
    "isTemplate": false,
    "count": 0,
    "lang": "es",
    "updated": 0
  },
  {
    "id": "47952f04-6607-4684-85d2-bb52bcce5322",
    "data": [
      {
        "text": "entrega de documentos",
        "userDefined": false
      }
    ],
    "isTemplate": false,
    "count": 0,
    "lang": "es",
    "updated": 0
  },
  {
    "id": "063f325e-5e69-4194-b508-2310b63c2e62",
    "data": [
      {
        "text": "entrega de requisitos",
        "userDefined": false
      }
    ],
    "isTemplate": false,
    "count": 0,
    "lang": "es",
    "updated": 0
  },
  {
    "id": "0242c283-56f2-46ef-979c-6e89cc9775d2",
    "data": [
      {
        "text": "¿Los requisitos que exige ",
        "userDefined": false
      },
      {
        "text": "la universidad",
        "userDefined": false
      },
      {
        "text": " se entregan ",
        "userDefined": false
      },
      {
        "text": "en",
        "userDefined": false
      },
      {
        "text": " fisico?",
        "userDefined": false
      }
    ],
    "isTemplate": false,
    "count": 0,
    "lang": "es",
    "updated": 0
  }
]