[
  {
    "id": "cf3637b3-d2b0-4ed2-bc6f-d10f5685ba4e",
    "data": [
      {
        "text": "Reprogramación de entrevista",
        "userDefined": false
      }
    ],
    "isTemplate": false,
    "count": 0,
    "lang": "es",
    "updated": 0
  },
  {
    "id": "17ffaf48-78a1-43bc-9119-05e85338a840",
    "data": [
      {
        "text": "¿La reprogramación de entrevistas ",
        "userDefined": false
      },
      {
        "text": "es",
        "userDefined": false
      },
      {
        "text": " posible ",
        "userDefined": false
      },
      {
        "text": "en",
        "userDefined": false
      },
      {
        "text": " caso de no haber asistido?",
        "userDefined": false
      }
    ],
    "isTemplate": false,
    "count": 0,
    "lang": "es",
    "updated": 0
  }
]