[
  {
    "id": "9ad37aeb-4670-4dc7-8048-a4a77f33df07",
    "data": [
      {
        "text": "costo",
        "userDefined": false
      }
    ],
    "isTemplate": false,
    "count": 0,
    "lang": "es",
    "updated": 0
  },
  {
    "id": "26af1c3b-02f9-4588-a937-b3e5e01c0c72",
    "data": [
      {
        "text": "precio",
        "userDefined": false
      }
    ],
    "isTemplate": false,
    "count": 0,
    "lang": "es",
    "updated": 0
  },
  {
    "id": "ddf880b8-6e97-443f-ab36-1c1c219ed69b",
    "data": [
      {
        "text": "Valor inscripción",
        "userDefined": false
      }
    ],
    "isTemplate": false,
    "count": 0,
    "lang": "es",
    "updated": 0
  },
  {
    "id": "ae3aa0be-28fa-4b16-96ba-41263e7303b6",
    "data": [
      {
        "text": "Precio inscripción",
        "userDefined": false
      }
    ],
    "isTemplate": false,
    "count": 0,
    "lang": "es",
    "updated": 0
  },
  {
    "id": "f12a3482-1ca5-41df-8614-8c57985744f7",
    "data": [
      {
        "text": "¿Qué costo tiene la inscripción?",
        "userDefined": false
      }
    ],
    "isTemplate": false,
    "count": 0,
    "lang": "es",
    "updated": 0
  }
]