[
  {
    "id": "ca515365-0045-41d2-9213-4873809383ea",
    "data": [
      {
        "text": "Admisión",
        "userDefined": false
      }
    ],
    "isTemplate": false,
    "count": 0,
    "lang": "es",
    "updated": 0
  },
  {
    "id": "02b69751-892d-4cc0-ab61-ad57062c1b43",
    "data": [
      {
        "text": "Resultados entrevista",
        "userDefined": false
      }
    ],
    "isTemplate": false,
    "count": 0,
    "lang": "es",
    "updated": 0
  },
  {
    "id": "11c6e801-700c-4d54-868e-ad72c122b256",
    "data": [
      {
        "text": "Resultados de admisión",
        "userDefined": false
      }
    ],
    "isTemplate": false,
    "count": 0,
    "lang": "es",
    "updated": 0
  },
  {
    "id": "a0631b35-c948-4f0d-b207-1966251f2e9c",
    "data": [
      {
        "text": "¿Cuándo me doy cuenta que fui admitido?",
        "userDefined": false
      }
    ],
    "isTemplate": false,
    "count": 0,
    "lang": "es",
    "updated": 0
  }
]