[
  {
    "id": "6e269ce7-8593-45d4-84ee-623477118733",
    "data": [
      {
        "text": "Puntaje alto de ",
        "userDefined": false
      },
      {
        "text": "ICFES",
        "userDefined": false
      }
    ],
    "isTemplate": false,
    "count": 0,
    "lang": "es",
    "updated": 0
  },
  {
    "id": "de9e6e33-5bcd-484d-b1c2-8049c06607d2",
    "data": [
      {
        "text": "ICFES",
        "userDefined": false
      }
    ],
    "isTemplate": false,
    "count": 0,
    "lang": "es",
    "updated": 0
  },
  {
    "id": "1cc88d09-b0fb-4910-9b27-71309946cb63",
    "data": [
      {
        "text": "¿Hay becas por puntaje alto de ",
        "userDefined": false
      },
      {
        "text": "ICFES",
        "userDefined": false
      },
      {
        "text": "?",
        "userDefined": false
      }
    ],
    "isTemplate": false,
    "count": 0,
    "lang": "es",
    "updated": 0
  },
  {
    "id": "d5102fa4-eaf9-41ac-bddd-c5d26f10aab8",
    "data": [
      {
        "text": "¿Si tengo ",
        "userDefined": false
      },
      {
        "text": "un",
        "userDefined": false
      },
      {
        "text": " puntaje alto ",
        "userDefined": false
      },
      {
        "text": "en el ICFES",
        "userDefined": false
      },
      {
        "text": " puedo acceder a becas?",
        "userDefined": false
      }
    ],
    "isTemplate": false,
    "count": 0,
    "lang": "es",
    "updated": 0
  }
]