[
  {
    "id": "5e3b0c4f-cf23-4b03-be81-21fb519ceace",
    "data": [
      {
        "text": "Entrevista virtual",
        "userDefined": false
      }
    ],
    "isTemplate": false,
    "count": 0,
    "lang": "es",
    "updated": 0
  },
  {
    "id": "77fbf9a5-868a-41ea-8cfb-6fa903000256",
    "data": [
      {
        "text": "En",
        "userDefined": false
      },
      {
        "text": " caso de estar fuera de ",
        "userDefined": false
      },
      {
        "text": "la ciudad",
        "userDefined": false
      },
      {
        "text": " o fuera del pais, ¿",
        "userDefined": false
      },
      {
        "text": "cómo",
        "userDefined": false
      },
      {
        "text": " puedo realizar ",
        "userDefined": false
      },
      {
        "text": "la",
        "userDefined": false
      },
      {
        "text": " entrevista?",
        "userDefined": false
      }
    ],
    "isTemplate": false,
    "count": 0,
    "lang": "es",
    "updated": 0
  }
]