[
  {
    "id": "e9ba896e-4ce4-4d02-8c68-b4b119730d13",
    "data": [
      {
        "text": "Descuentos",
        "userDefined": false
      }
    ],
    "isTemplate": false,
    "count": 0,
    "lang": "es",
    "updated": 0
  },
  {
    "id": "8caa760d-16df-495c-97cc-e1b72745fa52",
    "data": [
      {
        "text": "Becas",
        "userDefined": false
      }
    ],
    "isTemplate": false,
    "count": 0,
    "lang": "es",
    "updated": 0
  },
  {
    "id": "7847248e-ac04-4637-be33-61a7c0050aa2",
    "data": [
      {
        "text": "¿Cómo puedo aplicar a becas y descuentos económicos?",
        "userDefined": false
      }
    ],
    "isTemplate": false,
    "count": 0,
    "lang": "es",
    "updated": 0
  }
]