[
  {
    "id": "641aa16e-c1be-4f05-a37c-fbe000910284",
    "data": [
      {
        "text": "Egresados",
        "userDefined": false
      }
    ],
    "isTemplate": false,
    "count": 0,
    "lang": "es",
    "updated": 0
  },
  {
    "id": "b8c80e26-dbe7-4c46-a445-56ffb7c6af12",
    "data": [
      {
        "text": "Descuentos",
        "userDefined": false
      }
    ],
    "isTemplate": false,
    "count": 0,
    "lang": "es",
    "updated": 0
  },
  {
    "id": "b0be0e18-efcc-45ec-9cc0-ab7838820f0b",
    "data": [
      {
        "text": "¿Tengo ",
        "userDefined": false
      },
      {
        "text": "un",
        "userDefined": false
      },
      {
        "text": " familiar egresado, qué descuentos podria obtener?",
        "userDefined": false
      }
    ],
    "isTemplate": false,
    "count": 0,
    "lang": "es",
    "updated": 0
  },
  {
    "id": "0e915fa9-d9c5-4019-83ed-70107b1cb139",
    "data": [
      {
        "text": "¿Tengo ",
        "userDefined": false
      },
      {
        "text": "un",
        "userDefined": false
      },
      {
        "text": " familiar egresado, qué descuentos podria obtener y de qué manera lo solicito?",
        "userDefined": false
      }
    ],
    "isTemplate": false,
    "count": 0,
    "lang": "es",
    "updated": 0
  }
]