[
  {
    "id": "8c102847-c0a7-4c07-8d41-dfc3253e10f9",
    "data": [
      {
        "text": "admision",
        "userDefined": false
      }
    ],
    "isTemplate": false,
    "count": 0,
    "lang": "es",
    "updated": 0
  },
  {
    "id": "ded1cbb3-4ec4-4fba-b8ca-2a1603f9aab5",
    "data": [
      {
        "text": "entrevista",
        "userDefined": false
      }
    ],
    "isTemplate": false,
    "count": 0,
    "lang": "es",
    "updated": 0
  },
  {
    "id": "dbc60e17-23d1-43de-ab6e-cd5e34b46fc9",
    "data": [
      {
        "text": "¿debo hacer solamente la entrevista?",
        "userDefined": false
      }
    ],
    "isTemplate": false,
    "count": 0,
    "lang": "es",
    "updated": 0
  },
  {
    "id": "35022225-f5dd-4362-845f-ae8047991c4b",
    "data": [
      {
        "text": "Para el proceso de admisión ¿debo hacer solamente la entrevista?",
        "userDefined": false
      }
    ],
    "isTemplate": false,
    "count": 0,
    "lang": "es",
    "updated": 0
  }
]